SourceFile,SourceCreated,SourceModified,SourceAccessed,TargetCreated,TargetModified,TargetAccessed,FileSize,RelativePath,WorkingDirectory,FileAttributes,HeaderFlags,DriveType,VolumeSerialNumber,VolumeLabel,LocalPath,NetworkPath,CommonPath,Arguments,TargetIDAbsolutePath,TargetMFTEntryNumber,TargetMFTSequenceNumber,MachineID,MachineMACAddress,MACVendor,TrackerCreatedOn,ExtraBlocksPresent
C:\Users\Klim\AppData\Roaming\Microsoft\Windows\Recent\15-00 26.09.21 ekat.lnk,2021-09-26 13:28:15,2021-09-26 13:28:15,2021-10-03 16:43:18,2021-09-26 13:28:02,2021-09-26 13:28:04,2021-09-26 13:28:15,4096,,,FileAttributeDirectory,"HasTargetIdList, HasLinkInfo, IsUnicode, DisableKnownFolderTracking",Fixed storage media (Hard drive),BAD5F9B0,,D:\Downloads\15-00 26.09.21 ekat\15-00 26.09.21 ekat,,,,My Computer\D:\Downloads\15-00 26.09.21 ekat\15-00 26.09.21 ekat,0x37E04,0x3,desktop-91gu178,00:d8:61:2e:91:83,MICRO-STAR INTL,2021-09-24 19:44:55,"TrackerDataBaseBlock, PropertyStoreDataBlock"
C:\Users\Klim\AppData\Roaming\Microsoft\Windows\Recent\15-00 26.09.21 ekat.zip.lnk,2021-09-26 13:27:43,2021-09-26 13:27:53,2021-10-03 16:43:18,2021-09-26 13:27:24,2021-09-26 13:27:41,2021-09-26 13:27:43,133977770,,,FileAttributeArchive,"HasTargetIdList, HasLinkInfo, IsUnicode, DisableKnownFolderTracking",Fixed storage media (Hard drive),BAD5F9B0,,D:\Downloads\15-00 26.09.21 ekat.zip,,,,My Computer\D:\Downloads\15-00 26.09.21 ekat.zip,0x0,,desktop-91gu178,00:d8:61:2e:91:83,MICRO-STAR INTL,2021-09-24 19:44:55,"TrackerDataBaseBlock, PropertyStoreDataBlock"
C:\Users\Klim\AppData\Roaming\Microsoft\Windows\Recent\20211002080422_SrumECmd_NetworkConnections_Output.csv.lnk,2021-10-02 08:04:44,2021-10-02 08:04:44,2021-10-03 16:43:18,2021-10-02 08:04:24,2021-10-02 08:04:24,2021-10-02 08:04:44,45289,,D:\Tools\SrumECmd,FileAttributeArchive,"HasTargetIdList, HasLinkInfo, HasWorkingDir, IsUnicode, DisableKnownFolderTracking",Fixed storage media (Hard drive),BAD5F9B0,,D:\Tools\SrumECmd\20211002080422_SrumECmd_NetworkConnections_Output.csv,,,,My Computer\D:\Tools\SrumECmd\20211002080422_SrumECmd_NetworkConnections_Output.csv,0x33063,0xE,desktop-91gu178,00:d8:61:2e:91:83,MICRO-STAR INTL,2021-09-27 16:37:00,"TrackerDataBaseBlock, PropertyStoreDataBlock"
C:\Users\Klim\AppData\Roaming\Microsoft\Windows\Recent\20211002080422_SrumECmd_NetworkUsages_Output.csv.lnk,2021-10-02 08:05:34,2021-10-02 08:08:11,2021-10-03 16:43:18,2021-10-02 08:04:24,2021-10-02 08:04:24,2021-10-02 08:05:36,356875,,D:\Tools\SrumECmd,FileAttributeArchive,"HasTargetIdList, HasLinkInfo, HasWorkingDir, IsUnicode, DisableKnownFolderTracking",Fixed storage media (Hard drive),BAD5F9B0,,D:\Tools\SrumECmd\20211002080422_SrumECmd_NetworkUsages_Output.csv,,,,My Computer\D:\Tools\SrumECmd\20211002080422_SrumECmd_NetworkUsages_Output.csv,0x35FAC,0x8,desktop-91gu178,00:d8:61:2e:91:83,MICRO-STAR INTL,2021-09-27 16:37:00,"TrackerDataBaseBlock, PropertyStoreDataBlock"
C:\Users\Klim\AppData\Roaming\Microsoft\Windows\Recent\20211002102003_Windows10Creators_DESKTOP-91GU178_AppCompatCache.csv.lnk,2021-10-02 06:20:07,2021-10-02 06:20:07,2021-10-03 16:43:18,2021-10-02 06:20:03,2021-10-02 06:20:04,2021-10-02 06:20:07,28984,,D:\Tools\AppCompatCacheParser,FileAttributeArchive,"HasTargetIdList, HasLinkInfo, HasWorkingDir, IsUnicode, DisableKnownFolderTracking",Fixed storage media (Hard drive),BAD5F9B0,,D:\Tools\AppCompatCacheParser\20211002102003_Windows10Creators_DESKTOP-91GU178_AppCompatCache.csv,,,,My Computer\D:\Tools\AppCompatCacheParser\20211002102003_Windows10Creators_DESKTOP-91GU178_AppCompatCache.csv,0x13E7C,0x5,desktop-91gu178,00:d8:61:2e:91:83,MICRO-STAR INTL,2021-09-27 16:37:00,"TrackerDataBaseBlock, PropertyStoreDataBlock"
C:\Users\Klim\AppData\Roaming\Microsoft\Windows\Recent\20211002103723_Amcache_DeviceContainers.csv.lnk,2021-10-03 16:41:07,2021-10-03 16:41:07,2021-10-03 16:43:18,2021-10-02 06:37:23,2021-10-02 06:37:23,2021-10-03 16:41:06,12129,,D:\source\repos\usb_forensic\Sources&IoCs\Amcache,FileAttributeArchive,"HasTargetIdList, HasLinkInfo, HasWorkingDir, IsUnicode, DisableKnownFolderTracking",Fixed storage media (Hard drive),BAD5F9B0,,D:\source\repos\usb_forensic\Sources&IoCs\Amcache\20211002103723_Amcache_DeviceContainers.csv,,,,My Computer\D:\source\repos\usb_forensic\Sources&IoCs\Amcache\20211002103723_Amcache_DeviceContainers.csv,0x1401E,0x4,desktop-91gu178,00:d8:61:2e:91:83,MICRO-STAR INTL,2021-10-03 16:04:19,"TrackerDataBaseBlock, PropertyStoreDataBlock"
C:\Users\Klim\AppData\Roaming\Microsoft\Windows\Recent\20211003204033_LECmd_Output.csv.lnk,2021-10-03 16:41:51,2021-10-03 16:41:51,2021-10-03 16:43:18,2021-10-03 16:40:33,2021-10-03 16:40:33,2021-10-03 16:41:51,105315,,D:\source\repos\usb_forensic\Sources&IoCs\LNKs,FileAttributeArchive,"HasTargetIdList, HasLinkInfo, HasWorkingDir, IsUnicode, DisableKnownFolderTracking",Fixed storage media (Hard drive),BAD5F9B0,,D:\source\repos\usb_forensic\Sources&IoCs\LNKs\20211003204033_LECmd_Output.csv,,,,My Computer\D:\source\repos\usb_forensic\Sources&IoCs\LNKs\20211003204033_LECmd_Output.csv,0x67EF4,0x2,desktop-91gu178,00:d8:61:2e:91:83,MICRO-STAR INTL,2021-10-03 16:04:19,"TrackerDataBaseBlock, PropertyStoreDataBlock"
C:\Users\Klim\AppData\Roaming\Microsoft\Windows\Recent\All.zip.lnk,2021-09-12 14:07:03,2021-09-28 18:51:42,2021-10-03 16:43:18,2021-09-12 10:48:03,2021-09-12 10:52:38,2021-09-28 18:51:42,676857158,,,FileAttributeArchive,"HasTargetIdList, HasLinkInfo, IsUnicode, DisableKnownFolderTracking",Fixed storage media (Hard drive),BAD5F9B0,,D:\Downloads\Old\All.zip,,,,My Computer\D:\Downloads\Old\All.zip,0x6A0B8,0x2,desktop-91gu178,00:d8:61:2e:91:83,MICRO-STAR INTL,2021-09-12 09:17:38,"TrackerDataBaseBlock, PropertyStoreDataBlock"
C:\Users\Klim\AppData\Roaming\Microsoft\Windows\Recent\Amcache.lnk,2021-10-02 08:14:13,2021-10-03 16:41:07,2021-10-03 16:43:18,2021-10-02 08:14:10,2021-10-02 08:14:17,2021-10-03 16:41:07,4096,,,FileAttributeDirectory,"HasTargetIdList, HasLinkInfo, IsUnicode, DisableKnownFolderTracking",Fixed storage media (Hard drive),BAD5F9B0,,D:\source\repos\usb_forensic\Sources&IoCs\Amcache,,,,My Computer\D:\source\repos\usb_forensic\Sources&IoCs\Amcache,0x35FB2,0x7,desktop-91gu178,00:d8:61:2e:91:83,MICRO-STAR INTL,2021-10-02 08:14:08,"TrackerDataBaseBlock, PropertyStoreDataBlock"
C:\Users\Klim\AppData\Roaming\Microsoft\Windows\Recent\AppCompatCache.lnk,2021-10-02 08:14:01,2021-10-02 08:14:01,2021-10-03 16:43:18,2021-10-02 08:13:57,2021-10-02 08:13:57,2021-10-02 08:13:57,0,,,FileAttributeDirectory,"HasTargetIdList, HasLinkInfo, IsUnicode, DisableKnownFolderTracking",Fixed storage media (Hard drive),BAD5F9B0,,D:\source\repos\usb_forensic\Sources\AppCompatCache,,,,My Computer\D:\source\repos\usb_forensic\Sources\AppCompatCache,0x35FB1,0x7,desktop-91gu178,00:d8:61:2e:91:83,MICRO-STAR INTL,2021-09-27 16:37:00,"TrackerDataBaseBlock, PropertyStoreDataBlock"
C:\Users\Klim\AppData\Roaming\Microsoft\Windows\Recent\AppCompatCacheParser.lnk,2021-10-02 06:20:07,2021-10-02 06:20:07,2021-10-03 16:43:18,2021-10-02 06:17:05,2021-10-02 06:20:03,2021-10-02 06:20:07,0,,,FileAttributeDirectory,"HasTargetIdList, HasLinkInfo, IsUnicode, DisableKnownFolderTracking",Fixed storage media (Hard drive),BAD5F9B0,,D:\Tools\AppCompatCacheParser,,,,My Computer\D:\Tools\AppCompatCacheParser,0x2795,0x1A,desktop-91gu178,00:d8:61:2e:91:83,MICRO-STAR INTL,2021-09-27 16:37:00,"TrackerDataBaseBlock, PropertyStoreDataBlock"
C:\Users\Klim\AppData\Roaming\Microsoft\Windows\Recent\cheat_sheet_desc.docx.lnk,2021-10-01 16:54:49,2021-10-01 16:54:49,2021-10-03 16:43:18,2021-10-01 16:54:37,2021-10-01 16:54:37,2021-10-01 16:54:37,0,,D:\source\repos\usb_forensic,FileAttributeArchive,"HasTargetIdList, HasLinkInfo, HasWorkingDir, IsUnicode, DisableKnownFolderTracking",Fixed storage media (Hard drive),BAD5F9B0,,D:\source\repos\usb_forensic\cheat_sheet_desc.docx,,,,My Computer\D:\source\repos\usb_forensic\cheat_sheet_desc.docx,0x67D2D,0x5,desktop-91gu178,00:d8:61:2e:91:83,MICRO-STAR INTL,2021-09-27 16:37:00,"TrackerDataBaseBlock, PropertyStoreDataBlock"
C:\Users\Klim\AppData\Roaming\Microsoft\Windows\Recent\Converted_documents.zip.lnk,2021-09-21 18:13:10,2021-09-21 18:13:10,2021-10-03 16:43:18,2021-09-21 18:13:04,2021-09-21 18:13:04,2021-09-21 18:13:10,1115,,,FileAttributeArchive,"HasTargetIdList, HasLinkInfo, IsUnicode, DisableKnownFolderTracking",Fixed storage media (Hard drive),BAD5F9B0,,D:\Downloads\Converted_documents.zip,,,,My Computer\D:\Downloads\Converted_documents.zip,0x0,,desktop-91gu178,00:d8:61:2e:91:83,MICRO-STAR INTL,2021-09-19 07:29:31,"TrackerDataBaseBlock, PropertyStoreDataBlock"
C:\Users\Klim\AppData\Roaming\Microsoft\Windows\Recent\Copies.lnk,2021-10-01 15:42:37,2021-10-01 16:03:53,2021-10-03 16:43:18,2021-10-01 15:42:33,2021-10-01 16:03:53,2021-10-01 16:03:53,0,,,FileAttributeDirectory,"HasTargetIdList, HasLinkInfo, IsUnicode, DisableKnownFolderTracking",Fixed storage media (Hard drive),BAD5F9B0,,D:\Trash\Copies,,,,My Computer\D:\Trash\Copies,0x23EC,0x13,desktop-91gu178,00:d8:61:2e:91:83,MICRO-STAR INTL,2021-09-27 16:37:00,"TrackerDataBaseBlock, PropertyStoreDataBlock"
C:\Users\Klim\AppData\Roaming\Microsoft\Windows\Recent\dfir_cheat_sheet.pdf.lnk,2021-09-28 15:32:32,2021-10-01 16:38:57,2021-10-03 16:43:18,2021-09-28 15:32:21,2021-09-28 15:32:33,2021-10-01 16:38:57,64401,,D:\source\repos\usb_forensic,FileAttributeArchive,"HasTargetIdList, HasLinkInfo, HasWorkingDir, IsUnicode, DisableKnownFolderTracking",Fixed storage media (Hard drive),BAD5F9B0,,D:\source\repos\usb_forensic\dfir_cheat_sheet.pdf,,,,My Computer\D:\source\repos\usb_forensic\dfir_cheat_sheet.pdf,0x2380,0xD,desktop-91gu178,00:d8:61:2e:91:83,MICRO-STAR INTL,2021-09-27 16:37:00,"TrackerDataBaseBlock, PropertyStoreDataBlock"
C:\Users\Klim\AppData\Roaming\Microsoft\Windows\Recent\dfir_cheat_sheet_desc.docx.lnk,2021-10-01 16:55:05,2021-10-01 17:33:52,2021-10-03 16:43:18,2021-10-01 16:54:37,2021-10-01 16:54:37,2021-10-01 16:55:06,0,,D:\source\repos\usb_forensic,FileAttributeArchive,"HasTargetIdList, HasLinkInfo, HasWorkingDir, IsUnicode, DisableKnownFolderTracking",Fixed storage media (Hard drive),BAD5F9B0,,D:\source\repos\usb_forensic\dfir_cheat_sheet_desc.docx,,,,My Computer\D:\source\repos\usb_forensic\dfir_cheat_sheet_desc.docx,0x67D2D,0x5,desktop-91gu178,00:d8:61:2e:91:83,MICRO-STAR INTL,2021-09-27 16:37:00,"TrackerDataBaseBlock, PropertyStoreDataBlock"
C:\Users\Klim\AppData\Roaming\Microsoft\Windows\Recent\Downloads (2).lnk,2021-06-12 20:22:57,2021-06-12 20:23:04,2021-10-03 16:43:18,2021-05-25 17:48:06,2021-06-12 20:23:04,2021-06-12 20:23:04,4096,,,FileAttributeDirectory,"HasTargetIdList, HasLinkInfo, IsUnicode, DisableKnownFolderTracking",Fixed storage media (Hard drive),BAD5F9B0,,D:\Downloads,,,,My Computer\D:\Downloads,0x18AFD,0x2,desktop-91gu178,00:d8:61:2e:91:83,MICRO-STAR INTL,2021-05-25 14:00:14,"TrackerDataBaseBlock, PropertyStoreDataBlock"
C:\Users\Klim\AppData\Roaming\Microsoft\Windows\Recent\Downloads (3).lnk,2021-06-12 20:23:04,2021-06-12 20:23:17,2021-10-03 16:43:18,2021-05-25 17:48:06,2021-06-12 20:23:08,2021-06-12 20:23:17,4096,,,FileAttributeDirectory,"HasTargetIdList, HasLinkInfo, IsUnicode, DisableKnownFolderTracking",Fixed storage media (Hard drive),BAD5F9B0,,D:\Downloads,,,,My Computer\D:\Downloads,0x18AFD,0x2,desktop-91gu178,00:d8:61:2e:91:83,MICRO-STAR INTL,2021-05-25 14:00:14,"TrackerDataBaseBlock, PropertyStoreDataBlock"
C:\Users\Klim\AppData\Roaming\Microsoft\Windows\Recent\Downloads (4).lnk,2021-06-12 20:23:17,2021-06-12 20:28:38,2021-10-03 16:43:18,2021-05-25 17:48:06,2021-06-12 20:28:37,2021-06-12 20:28:38,4096,,,FileAttributeDirectory,"HasTargetIdList, HasLinkInfo, IsUnicode, DisableKnownFolderTracking",Fixed storage media (Hard drive),BAD5F9B0,,D:\Downloads,,,,My Computer\D:\Downloads,0x18AFD,0x2,desktop-91gu178,00:d8:61:2e:91:83,MICRO-STAR INTL,2021-05-25 14:00:14,"TrackerDataBaseBlock, PropertyStoreDataBlock"
C:\Users\Klim\AppData\Roaming\Microsoft\Windows\Recent\Downloads (5).lnk,2021-06-12 20:28:38,2021-06-14 10:45:07,2021-10-03 16:43:18,2021-05-25 17:48:06,2021-06-14 10:44:19,2021-06-14 10:45:07,4096,,,FileAttributeDirectory,"HasTargetIdList, HasLinkInfo, IsUnicode, DisableKnownFolderTracking",Fixed storage media (Hard drive),BAD5F9B0,,D:\Downloads,,,,My Computer\D:\Downloads,0x18AFD,0x2,desktop-91gu178,00:d8:61:2e:91:83,MICRO-STAR INTL,2021-05-25 14:00:14,"TrackerDataBaseBlock, PropertyStoreDataBlock"
C:\Users\Klim\AppData\Roaming\Microsoft\Windows\Recent\Downloads (6).lnk,2021-06-14 10:47:38,2021-09-21 17:58:11,2021-10-03 16:43:18,2021-05-25 17:48:06,2021-09-21 17:58:09,2021-09-21 17:58:11,16384,,,FileAttributeDirectory,"HasTargetIdList, HasLinkInfo, IsUnicode, DisableKnownFolderTracking",Fixed storage media (Hard drive),BAD5F9B0,,D:\Downloads,,,,My Computer\D:\Downloads,0x0,,desktop-91gu178,00:d8:61:2e:91:83,MICRO-STAR INTL,2021-05-25 14:00:14,"TrackerDataBaseBlock, PropertyStoreDataBlock"
C:\Users\Klim\AppData\Roaming\Microsoft\Windows\Recent\Downloads (7).lnk,2021-09-21 18:17:57,2021-10-03 11:45:49,2021-10-03 16:43:18,2021-05-25 17:48:06,2021-10-03 08:33:25,2021-10-03 11:45:49,16384,,,FileAttributeDirectory,"HasTargetIdList, HasLinkInfo, IsUnicode, DisableKnownFolderTracking",Fixed storage media (Hard drive),BAD5F9B0,,D:\Downloads,,,,My Computer\D:\Downloads,0x18AFD,0x2,desktop-91gu178,00:d8:61:2e:91:83,MICRO-STAR INTL,2021-05-25 14:00:14,"TrackerDataBaseBlock, PropertyStoreDataBlock"
C:\Users\Klim\AppData\Roaming\Microsoft\Windows\Recent\Downloads.lnk,2021-05-25 17:48:09,2021-06-12 20:22:57,2021-10-03 16:43:18,2021-05-25 17:48:06,2021-06-12 20:22:55,2021-06-12 20:22:57,4096,,,FileAttributeDirectory,"HasTargetIdList, HasLinkInfo, IsUnicode, DisableKnownFolderTracking",Fixed storage media (Hard drive),BAD5F9B0,,D:\Downloads,,,,My Computer\D:\Downloads,0x18AFD,0x2,desktop-91gu178,00:d8:61:2e:91:83,MICRO-STAR INTL,2021-05-25 14:00:14,"TrackerDataBaseBlock, PropertyStoreDataBlock"
C:\Users\Klim\AppData\Roaming\Microsoft\Windows\Recent\FAPSI_130601_152.pdf.lnk,2021-09-18 06:45:48,2021-09-24 19:00:56,2021-10-03 16:43:18,2021-09-18 06:45:48,2021-09-18 06:46:20,2021-09-22 20:05:34,10282364,,D:\source\repos\InfoSec_Labs\PDn\NPAs\PDFs,FileAttributeArchive,"HasTargetIdList, HasLinkInfo, HasWorkingDir, IsUnicode, DisableKnownFolderTracking",Fixed storage media (Hard drive),BAD5F9B0,,D:\source\repos\InfoSec_Labs\PDn\NPAs\PDFs\FAPSI_130601_152.pdf,,,,My Computer\D:\source\repos\InfoSec_Labs\PDn\NPAs\PDFs\FAPSI_130601_152.pdf,0x2748,0x6,desktop-91gu178,00:d8:61:2e:91:83,MICRO-STAR INTL,2021-09-15 18:41:12,"TrackerDataBaseBlock, PropertyStoreDataBlock"
C:\Users\Klim\AppData\Roaming\Microsoft\Windows\Recent\ForTesting.sln.lnk,2021-09-21 16:30:48,2021-09-24 16:38:22,2021-10-03 16:43:18,2021-06-11 17:24:57,2021-06-11 17:25:02,2021-09-24 16:38:19,1136,,D:\Trash\ForTesting,FileAttributeArchive,"HasTargetIdList, HasLinkInfo, HasWorkingDir, IsUnicode, DisableKnownFolderTracking",Fixed storage media (Hard drive),BAD5F9B0,,D:\Trash\ForTesting\ForTesting.sln,,,,My Computer\D:\Trash\ForTesting\ForTesting.sln,0x31EF6,0x2,desktop-91gu178,00:d8:61:2e:91:83,MICRO-STAR INTL,2021-06-11 16:49:37,"TrackerDataBaseBlock, PropertyStoreDataBlock"
C:\Users\Klim\AppData\Roaming\Microsoft\Windows\Recent\FSB_100714_378.pdf.lnk,2021-09-25 17:45:57,2021-09-25 17:45:57,2021-10-03 16:43:18,2021-09-18 06:21:24,2021-09-18 06:21:39,2021-09-22 20:05:34,4922540,,D:\source\repos\InfoSec_Labs\PDn\NPAs\PDFs,FileAttributeArchive,"HasTargetIdList, HasLinkInfo, HasWorkingDir, IsUnicode, DisableKnownFolderTracking",Fixed storage media (Hard drive),BAD5F9B0,,D:\source\repos\InfoSec_Labs\PDn\NPAs\PDFs\FSB_100714_378.pdf,,,,My Computer\D:\source\repos\InfoSec_Labs\PDn\NPAs\PDFs\FSB_100714_378.pdf,0x272D,0xB,desktop-91gu178,00:d8:61:2e:91:83,MICRO-STAR INTL,2021-09-15 18:41:12,"TrackerDataBaseBlock, PropertyStoreDataBlock"
C:\Users\Klim\AppData\Roaming\Microsoft\Windows\Recent\FSB_100714_378.txt.lnk,2021-09-21 18:19:59,2021-09-25 17:46:13,2021-10-03 16:43:18,2021-09-21 18:19:57,2021-09-21 18:20:08,2021-09-25 17:42:51,43825,,D:\source\repos\InfoSec_Labs\PDn\NPAs\Texts,FileAttributeArchive,"HasTargetIdList, HasLinkInfo, HasWorkingDir, IsUnicode, DisableKnownFolderTracking",Fixed storage media (Hard drive),BAD5F9B0,,D:\source\repos\InfoSec_Labs\PDn\NPAs\Texts\FSB_100714_378.txt,,,,My Computer\D:\source\repos\InfoSec_Labs\PDn\NPAs\Texts\FSB_100714_378.txt,0x3638C,0x4,desktop-91gu178,00:d8:61:2e:91:83,MICRO-STAR INTL,2021-09-19 07:29:31,"TrackerDataBaseBlock, PropertyStoreDataBlock"
C:\Users\Klim\AppData\Roaming\Microsoft\Windows\Recent\FSB_INFORM_210616.pdf.lnk,2021-09-24 20:21:35,2021-09-24 20:21:35,2021-10-03 16:43:18,2021-09-18 06:27:13,2021-09-18 06:27:14,2021-09-22 20:05:34,291167,,D:\source\repos\InfoSec_Labs\PDn\NPAs\PDFs,FileAttributeArchive,"HasTargetIdList, HasLinkInfo, HasWorkingDir, IsUnicode, DisableKnownFolderTracking",Fixed storage media (Hard drive),BAD5F9B0,,D:\source\repos\InfoSec_Labs\PDn\NPAs\PDFs\FSB_INFORM_210616.pdf,,,,My Computer\D:\source\repos\InfoSec_Labs\PDn\NPAs\PDFs\FSB_INFORM_210616.pdf,0x2732,0x9,desktop-91gu178,00:d8:61:2e:91:83,MICRO-STAR INTL,2021-09-15 18:41:12,"TrackerDataBaseBlock, PropertyStoreDataBlock"
C:\Users\Klim\AppData\Roaming\Microsoft\Windows\Recent\FSB_METREKOM_149_7_2_6-432.pdf.lnk,2021-09-24 19:53:02,2021-09-24 19:53:02,2021-10-03 16:43:18,2021-09-18 06:23:06,2021-09-18 06:23:46,2021-09-24 19:53:02,399341,,D:\source\repos\InfoSec_Labs\PDn\NPAs\PDFs,FileAttributeArchive,"HasTargetIdList, HasLinkInfo, HasWorkingDir, IsUnicode, DisableKnownFolderTracking",Fixed storage media (Hard drive),BAD5F9B0,,D:\source\repos\InfoSec_Labs\PDn\NPAs\PDFs\FSB_METREKOM_149_7_2_6-432.pdf,,,,My Computer\D:\source\repos\InfoSec_Labs\PDn\NPAs\PDFs\FSB_METREKOM_149_7_2_6-432.pdf,0x272F,0x7,desktop-91gu178,00:d8:61:2e:91:83,MICRO-STAR INTL,2021-09-15 18:41:12,"TrackerDataBaseBlock, PropertyStoreDataBlock"
C:\Users\Klim\AppData\Roaming\Microsoft\Windows\Recent\FSTEK_110213_17.pdf.lnk,2021-09-24 20:22:24,2021-09-24 20:22:24,2021-10-03 16:43:18,2021-09-18 06:15:57,2021-09-18 06:16:29,2021-09-24 20:22:24,402951,,D:\source\repos\InfoSec_Labs\PDn\NPAs\PDFs,FileAttributeArchive,"HasTargetIdList, HasLinkInfo, HasWorkingDir, IsUnicode, DisableKnownFolderTracking",Fixed storage media (Hard drive),BAD5F9B0,,D:\source\repos\InfoSec_Labs\PDn\NPAs\PDFs\FSTEK_110213_17.pdf,,,,My Computer\D:\source\repos\InfoSec_Labs\PDn\NPAs\PDFs\FSTEK_110213_17.pdf,0x26FC,0x4,desktop-91gu178,00:d8:61:2e:91:83,MICRO-STAR INTL,2021-09-15 18:41:12,"TrackerDataBaseBlock, PropertyStoreDataBlock"
C:\Users\Klim\AppData\Roaming\Microsoft\Windows\Recent\FSTEK_180421_77.pdf.lnk,2021-09-18 07:18:58,2021-09-24 19:04:28,2021-10-03 16:43:18,2021-09-18 07:18:41,2021-09-18 07:18:59,2021-09-24 19:04:28,410355,,D:\source\repos\InfoSec_Labs\PDn\NPAs\PDFs,FileAttributeArchive,"HasTargetIdList, HasLinkInfo, HasWorkingDir, IsUnicode, DisableKnownFolderTracking",Fixed storage media (Hard drive),BAD5F9B0,,D:\source\repos\InfoSec_Labs\PDn\NPAs\PDFs\FSTEK_180421_77.pdf,,,,My Computer\D:\source\repos\InfoSec_Labs\PDn\NPAs\PDFs\FSTEK_180421_77.pdf,0x2749,0x5,desktop-91gu178,00:d8:61:2e:91:83,MICRO-STAR INTL,2021-09-15 18:41:12,"TrackerDataBaseBlock, PropertyStoreDataBlock"
C:\Users\Klim\AppData\Roaming\Microsoft\Windows\Recent\FSTEK_INFSOOBSH_240_22_2637.txt.lnk,2021-09-22 19:45:16,2021-09-22 19:45:16,2021-10-03 16:43:18,2021-09-21 15:43:24,2021-09-21 17:47:16,2021-09-22 19:45:16,38506,,D:\Univer\5year\NPAs\Texts,FileAttributeArchive,"HasTargetIdList, HasLinkInfo, HasWorkingDir, IsUnicode, DisableKnownFolderTracking",Fixed storage media (Hard drive),BAD5F9B0,,D:\Univer\5year\NPAs\Texts\FSTEK_INFSOOBSH_240_22_2637.txt,,,,My Computer\D:\Univer\5year\NPAs\Texts\FSTEK_INFSOOBSH_240_22_2637.txt,0x3633F,0x4,desktop-91gu178,00:d8:61:2e:91:83,MICRO-STAR INTL,2021-09-22 18:49:19,"TrackerDataBaseBlock, PropertyStoreDataBlock"
C:\Users\Klim\AppData\Roaming\Microsoft\Windows\Recent\FSTEK_METDOC_050221.txt.lnk,2021-09-26 07:42:12,2021-09-26 07:42:12,2021-10-03 16:43:18,2021-09-21 15:43:34,2021-09-21 17:47:16,2021-09-26 07:42:12,280090,,D:\source\repos\InfoSec_Labs\PDn\NPAs\Texts,FileAttributeArchive,"HasTargetIdList, HasLinkInfo, HasWorkingDir, IsUnicode, DisableKnownFolderTracking",Fixed storage media (Hard drive),BAD5F9B0,,D:\source\repos\InfoSec_Labs\PDn\NPAs\Texts\FSTEK_METDOC_050221.txt,,,,My Computer\D:\source\repos\InfoSec_Labs\PDn\NPAs\Texts\FSTEK_METDOC_050221.txt,0x36341,0x4,desktop-91gu178,00:d8:61:2e:91:83,MICRO-STAR INTL,2021-09-24 19:44:55,"TrackerDataBaseBlock, PropertyStoreDataBlock"
C:\Users\Klim\AppData\Roaming\Microsoft\Windows\Recent\FSTEK_METDOC_110214.pdf.lnk,2021-09-24 20:23:57,2021-09-25 17:33:53,2021-10-03 16:43:18,2021-09-18 06:16:51,2021-09-18 06:17:04,2021-09-25 17:33:53,1381497,,D:\source\repos\InfoSec_Labs\PDn\NPAs\PDFs,FileAttributeArchive,"HasTargetIdList, HasLinkInfo, HasWorkingDir, IsUnicode, DisableKnownFolderTracking",Fixed storage media (Hard drive),BAD5F9B0,,D:\source\repos\InfoSec_Labs\PDn\NPAs\PDFs\FSTEK_METDOC_110214.pdf,,,,My Computer\D:\source\repos\InfoSec_Labs\PDn\NPAs\PDFs\FSTEK_METDOC_110214.pdf,0x26FD,0x4,desktop-91gu178,00:d8:61:2e:91:83,MICRO-STAR INTL,2021-09-15 18:41:12,"TrackerDataBaseBlock, PropertyStoreDataBlock"
C:\Users\Klim\AppData\Roaming\Microsoft\Windows\Recent\FSTEK_METDOC_110214.txt.lnk,2021-09-22 19:56:56,2021-09-22 19:56:56,2021-10-03 16:43:18,2021-09-21 15:43:34,2021-09-21 17:47:16,2021-09-22 19:56:56,592866,,D:\Univer\5year\NPAs\Texts,FileAttributeArchive,"HasTargetIdList, HasLinkInfo, HasWorkingDir, IsUnicode, DisableKnownFolderTracking",Fixed storage media (Hard drive),BAD5F9B0,,D:\Univer\5year\NPAs\Texts\FSTEK_METDOC_110214.txt,,,,My Computer\D:\Univer\5year\NPAs\Texts\FSTEK_METDOC_110214.txt,0x36342,0x4,desktop-91gu178,00:d8:61:2e:91:83,MICRO-STAR INTL,2021-09-22 18:49:19,"TrackerDataBaseBlock, PropertyStoreDataBlock"
C:\Users\Klim\AppData\Roaming\Microsoft\Windows\Recent\FZ-149.txt.lnk,2021-10-03 10:57:34,2021-10-03 10:57:34,2021-10-03 16:43:18,2021-09-21 18:21:53,2021-09-21 18:22:44,2021-10-01 16:03:42,491125,,D:\source\repos\InfoSec_Labs\PDn\NPAs\Texts,FileAttributeArchive,"HasTargetIdList, HasLinkInfo, HasWorkingDir, IsUnicode, DisableKnownFolderTracking",Fixed storage media (Hard drive),BAD5F9B0,,D:\source\repos\InfoSec_Labs\PDn\NPAs\Texts\FZ-149.txt,,,,My Computer\D:\source\repos\InfoSec_Labs\PDn\NPAs\Texts\FZ-149.txt,0x36390,0x4,desktop-91gu178,00:d8:61:2e:91:83,MICRO-STAR INTL,2021-09-19 07:29:31,"TrackerDataBaseBlock, PropertyStoreDataBlock"
C:\Users\Klim\AppData\Roaming\Microsoft\Windows\Recent\FZ-152.pdf.lnk,2021-09-24 20:26:04,2021-09-24 20:33:22,2021-10-03 16:43:18,2021-09-18 05:50:35,2021-09-18 05:51:17,2021-09-24 20:33:22,498826,,D:\source\repos\InfoSec_Labs\PDn\NPAs\PDFs,FileAttributeArchive,"HasTargetIdList, HasLinkInfo, HasWorkingDir, IsUnicode, DisableKnownFolderTracking",Fixed storage media (Hard drive),BAD5F9B0,,D:\source\repos\InfoSec_Labs\PDn\NPAs\PDFs\FZ-152.pdf,,,,My Computer\D:\source\repos\InfoSec_Labs\PDn\NPAs\PDFs\FZ-152.pdf,0x232C,0x15,desktop-91gu178,00:d8:61:2e:91:83,MICRO-STAR INTL,2021-09-15 18:41:12,"TrackerDataBaseBlock, PropertyStoreDataBlock"
C:\Users\Klim\AppData\Roaming\Microsoft\Windows\Recent\GOST_R_59407-2021.txt.lnk,2021-09-22 19:40:10,2021-09-22 19:40:10,2021-10-03 16:43:18,2021-09-21 15:45:36,2021-09-21 17:47:16,2021-09-22 19:40:10,244639,,D:\Univer\5year\NPAs\Texts,FileAttributeArchive,"HasTargetIdList, HasLinkInfo, HasWorkingDir, IsUnicode, DisableKnownFolderTracking",Fixed storage media (Hard drive),BAD5F9B0,,D:\Univer\5year\NPAs\Texts\GOST_R_59407-2021.txt,,,,My Computer\D:\Univer\5year\NPAs\Texts\GOST_R_59407-2021.txt,0x36347,0x4,desktop-91gu178,00:d8:61:2e:91:83,MICRO-STAR INTL,2021-09-22 18:49:19,"TrackerDataBaseBlock, PropertyStoreDataBlock"
C:\Users\Klim\AppData\Roaming\Microsoft\Windows\Recent\Helper.lnk,2021-09-24 16:38:02,2021-10-03 11:06:34,2021-10-03 16:43:18,2021-09-24 16:37:58,2021-09-24 16:38:02,2021-10-03 11:06:34,0,,,FileAttributeDirectory,"HasTargetIdList, HasLinkInfo, IsUnicode, DisableKnownFolderTracking",Fixed storage media (Hard drive),BAD5F9B0,,D:\source\repos\InfoSec_Labs\Utilities\Helper,,,,My Computer\D:\source\repos\InfoSec_Labs\Utilities\Helper,0x31F2B,0x2A,desktop-91gu178,00:d8:61:2e:91:83,MICRO-STAR INTL,2021-09-22 18:49:19,"TrackerDataBaseBlock, PropertyStoreDataBlock"
C:\Users\Klim\AppData\Roaming\Microsoft\Windows\Recent\Helper.sln.lnk,2021-09-24 16:38:02,2021-10-03 11:06:34,2021-10-03 16:43:18,2021-09-24 16:37:58,2021-09-24 16:38:02,2021-10-03 11:06:22,1124,,D:\source\repos\InfoSec_Labs\Utilities\Helper,FileAttributeArchive,"HasTargetIdList, HasLinkInfo, HasWorkingDir, IsUnicode, DisableKnownFolderTracking",Fixed storage media (Hard drive),BAD5F9B0,,D:\source\repos\InfoSec_Labs\Utilities\Helper\Helper.sln,,,,My Computer\D:\source\repos\InfoSec_Labs\Utilities\Helper\Helper.sln,0x36444,0x2,desktop-91gu178,00:d8:61:2e:91:83,MICRO-STAR INTL,2021-09-22 18:49:19,"TrackerDataBaseBlock, PropertyStoreDataBlock"
C:\Users\Klim\AppData\Roaming\Microsoft\Windows\Recent\IMG_20190714_150121.jpg.lnk,2021-09-29 05:42:17,2021-09-29 05:42:17,2021-10-03 16:43:18,2021-09-29 05:20:30,2019-07-14 11:01:22,2021-09-29 05:40:17,3662278,,D:\Univer\Old\2 курс\New folder\Новая папка\.lipro,FileAttributeArchive,"HasTargetIdList, HasLinkInfo, HasWorkingDir, IsUnicode, DisableKnownFolderTracking",Fixed storage media (Hard drive),BAD5F9B0,,D:\Univer\Old\2 курс\New folder\Новая папка\.lipro\IMG_20190714_150121.jpg,,,,My Computer\D:\Univer\Old\2 курс\New folder\Новая папка\.lipro\IMG_20190714_150121.jpg,0x670F7,0x3,desktop-91gu178,00:d8:61:2e:91:83,MICRO-STAR INTL,2021-09-27 16:37:00,"TrackerDataBaseBlock, PropertyStoreDataBlock"
C:\Users\Klim\AppData\Roaming\Microsoft\Windows\Recent\InfoSec_Labs.lnk,2021-09-19 10:29:33,2021-09-22 20:05:03,2021-10-03 16:43:18,2021-09-19 10:29:16,2021-09-22 20:05:03,2021-09-22 20:05:03,4096,,,FileAttributeDirectory,"HasTargetIdList, HasLinkInfo, IsUnicode, DisableKnownFolderTracking",Fixed storage media (Hard drive),BAD5F9B0,,D:\source\repos\InfoSec_Labs,,,,My Computer\D:\source\repos\InfoSec_Labs,0x33E1D,0x7,desktop-91gu178,00:d8:61:2e:91:83,MICRO-STAR INTL,2021-09-19 07:29:31,"TrackerDataBaseBlock, PropertyStoreDataBlock"
C:\Users\Klim\AppData\Roaming\Microsoft\Windows\Recent\IoCs.docx.lnk,2021-09-26 08:43:39,2021-09-26 09:36:31,2021-10-03 16:43:18,2021-09-26 08:43:36,2021-09-26 08:45:24,2021-09-26 08:45:24,12255,,D:\source\repos\usb_forensic,FileAttributeArchive,"HasTargetIdList, HasLinkInfo, HasWorkingDir, IsUnicode, DisableKnownFolderTracking",Fixed storage media (Hard drive),BAD5F9B0,,D:\source\repos\usb_forensic\IoCs.docx,,,,My Computer\D:\source\repos\usb_forensic\IoCs.docx,0x37E03,0x3,desktop-91gu178,00:d8:61:2e:91:83,MICRO-STAR INTL,2021-09-24 19:44:55,"TrackerDataBaseBlock, PropertyStoreDataBlock"
C:\Users\Klim\AppData\Roaming\Microsoft\Windows\Recent\IoCs.lnk,2021-10-02 20:02:20,2021-10-02 20:02:39,2021-10-03 16:43:18,2021-10-02 20:02:15,2021-10-02 20:02:39,2021-10-02 20:02:39,0,,,FileAttributeDirectory,"HasTargetIdList, HasLinkInfo, IsUnicode, DisableKnownFolderTracking",Fixed storage media (Hard drive),BAD5F9B0,,D:\source\repos\usb_forensic\Sources&IoCs\IoCs,,,,My Computer\D:\source\repos\usb_forensic\Sources&IoCs\IoCs,0x36311,0xA,desktop-91gu178,00:d8:61:2e:91:83,MICRO-STAR INTL,2021-10-02 08:14:08,"TrackerDataBaseBlock, PropertyStoreDataBlock"
C:\Users\Klim\AppData\Roaming\Microsoft\Windows\Recent\IoCs.txt.lnk,2021-10-02 20:02:39,2021-10-02 20:02:39,2021-10-03 16:43:18,2021-10-02 20:02:30,2021-10-02 20:02:30,2021-10-02 20:02:30,0,,D:\source\repos\usb_forensic\Sources&IoCs\IoCs,FileAttributeArchive,"HasTargetIdList, HasLinkInfo, HasWorkingDir, IsUnicode, DisableKnownFolderTracking",Fixed storage media (Hard drive),BAD5F9B0,,D:\source\repos\usb_forensic\Sources&IoCs\IoCs\IoCs.txt,,,,My Computer\D:\source\repos\usb_forensic\Sources&IoCs\IoCs\IoCs.txt,0x67DEA,0x3,desktop-91gu178,00:d8:61:2e:91:83,MICRO-STAR INTL,2021-10-02 08:14:08,"TrackerDataBaseBlock, PropertyStoreDataBlock"
C:\Users\Klim\AppData\Roaming\Microsoft\Windows\Recent\KoAP.txt.lnk,2021-09-22 20:02:58,2021-09-22 20:02:58,2021-10-03 16:43:18,2021-09-21 15:46:36,2021-09-21 17:47:16,2021-09-22 20:02:58,4629485,,D:\Univer\5year\NPAs\Texts,FileAttributeArchive,"HasTargetIdList, HasLinkInfo, HasWorkingDir, IsUnicode, DisableKnownFolderTracking",Fixed storage media (Hard drive),BAD5F9B0,,D:\Univer\5year\NPAs\Texts\KoAP.txt,,,,My Computer\D:\Univer\5year\NPAs\Texts\KoAP.txt,0x36348,0x4,desktop-91gu178,00:d8:61:2e:91:83,MICRO-STAR INTL,2021-09-22 18:49:19,"TrackerDataBaseBlock, PropertyStoreDataBlock"
C:\Users\Klim\AppData\Roaming\Microsoft\Windows\Recent\LNKs.lnk,2021-10-03 16:41:51,2021-10-03 16:41:51,2021-10-03 16:43:18,2021-10-03 16:40:33,2021-10-03 16:40:33,2021-10-03 16:41:51,0,,,FileAttributeDirectory,"HasTargetIdList, HasLinkInfo, IsUnicode, DisableKnownFolderTracking",Fixed storage media (Hard drive),BAD5F9B0,,D:\source\repos\usb_forensic\Sources&IoCs\LNKs,,,,My Computer\D:\source\repos\usb_forensic\Sources&IoCs\LNKs,0x67EF3,0x2,desktop-91gu178,00:d8:61:2e:91:83,MICRO-STAR INTL,2021-10-03 16:04:19,"TrackerDataBaseBlock, PropertyStoreDataBlock"
C:\Users\Klim\AppData\Roaming\Microsoft\Windows\Recent\Local Disk (D) (2).lnk,2021-05-25 13:08:55,2021-10-02 06:16:07,2021-10-03 16:43:18,2021-05-25 08:49:12,2021-10-02 06:16:07,2021-10-02 06:16:07,8192,,,"FileAttributeHidden, FileAttributeSystem, FileAttributeDirectory","HasTargetIdList, HasLinkInfo, IsUnicode, DisableKnownFolderTracking",Fixed storage media (Hard drive),BAD5F9B0,,D:\,,,,My Computer\D:,,,desktop-91gu178,00:d8:61:2e:91:83,MICRO-STAR INTL,2021-05-25 08:40:57,"TrackerDataBaseBlock, PropertyStoreDataBlock"
C:\Users\Klim\AppData\Roaming\Microsoft\Windows\Recent\Local Disk (D) (3).lnk,2021-06-09 15:12:04,2021-10-02 06:16:07,2021-10-03 16:43:18,2021-05-25 08:49:12,2021-10-02 06:16:07,2021-10-02 06:16:07,8192,,,"FileAttributeHidden, FileAttributeSystem, FileAttributeDirectory","HasTargetIdList, HasLinkInfo, IsUnicode, DisableKnownFolderTracking",Fixed storage media (Hard drive),BAD5F9B0,,D:\,,,,My Computer\D:,,,desktop-91gu178,00:d8:61:2e:91:83,MICRO-STAR INTL,2021-05-25 08:40:57,"TrackerDataBaseBlock, PropertyStoreDataBlock"
C:\Users\Klim\AppData\Roaming\Microsoft\Windows\Recent\Local Disk (D).lnk,2021-05-25 13:08:55,2021-05-25 19:06:16,2021-10-03 16:43:18,2021-05-25 08:49:12,2021-05-25 19:06:16,2021-05-25 19:06:16,4096,,,"FileAttributeHidden, FileAttributeSystem, FileAttributeDirectory","HasTargetIdList, HasLinkInfo, IsUnicode, DisableKnownFolderTracking",Fixed storage media (Hard drive),BAD5F9B0,,D:\,,,,My Computer\D:,,,desktop-91gu178,00:d8:61:2e:91:83,MICRO-STAR INTL,2021-05-25 08:40:57,"TrackerDataBaseBlock, PropertyStoreDataBlock"
C:\Users\Klim\AppData\Roaming\Microsoft\Windows\Recent\LR1_Rules.xlsx.lnk,2021-09-18 16:27:32,2021-09-24 17:24:35,2021-10-03 16:43:18,2021-09-19 10:29:25,2021-09-19 10:36:59,2021-09-24 17:24:35,15948,,D:\source\repos\InfoSec_Labs\REZAS,FileAttributeArchive,"HasTargetIdList, HasLinkInfo, HasWorkingDir, IsUnicode, DisableKnownFolderTracking",Fixed storage media (Hard drive),BAD5F9B0,,D:\source\repos\InfoSec_Labs\REZAS\LR1_Rules.xlsx,,,,My Computer\D:\source\repos\InfoSec_Labs\REZAS\LR1_Rules.xlsx,0x35F8B,0x6,desktop-91gu178,00:d8:61:2e:91:83,MICRO-STAR INTL,2021-09-19 07:29:31,"TrackerDataBaseBlock, PropertyStoreDataBlock"
C:\Users\Klim\AppData\Roaming\Microsoft\Windows\Recent\ms-gamingoverlay--- (2).lnk,2021-06-18 21:54:37,2021-08-22 16:33:42,2021-10-03 16:43:18,,,,0,,,0,"HasTargetIdList, IsUnicode, DisableKnownFolderTracking",(None),,,,,,,Internet Explorer (Homepage)\ms-gamingoverlay:///,,,,,,,
C:\Users\Klim\AppData\Roaming\Microsoft\Windows\Recent\ms-gamingoverlay--- (3).lnk,2021-08-22 20:37:57,2021-10-01 13:07:03,2021-10-03 16:43:18,,,,0,,,0,"HasTargetIdList, IsUnicode, DisableKnownFolderTracking",(None),,,,,,,Internet Explorer (Homepage)\ms-gamingoverlay:///,,,,,,,
C:\Users\Klim\AppData\Roaming\Microsoft\Windows\Recent\ms-gamingoverlay---.lnk,2021-05-26 08:53:19,2021-06-18 19:16:05,2021-10-03 16:43:18,,,,0,,,0,"HasTargetIdList, IsUnicode, DisableKnownFolderTracking",(None),,,,,,,Internet Explorer (Homepage)\ms-gamingoverlay:///,,,,,,,
C:\Users\Klim\AppData\Roaming\Microsoft\Windows\Recent\ms-gamingoverlay--kglcheck-.lnk,2021-07-21 16:31:04,2021-10-01 13:07:02,2021-10-03 16:43:18,,,,0,,,0,"HasTargetIdList, IsUnicode, DisableKnownFolderTracking",(None),,,,,,,Internet Explorer (Homepage)\ms-gamingoverlay://kglcheck/,,,,,,,
C:\Users\Klim\AppData\Roaming\Microsoft\Windows\Recent\ms-settings-connectabledevicesdevicediscovery (2).lnk,2021-08-16 11:57:00,2021-08-24 13:43:03,2021-10-03 16:43:18,,,,0,,,0,"HasTargetIdList, IsUnicode, DisableKnownFolderTracking",(None),,,,,,,Internet Explorer (Homepage)\ms-settings-connectabledevices:devicediscovery,,,,,,,
C:\Users\Klim\AppData\Roaming\Microsoft\Windows\Recent\ms-settings-connectabledevicesdevicediscovery.lnk,2021-07-07 15:50:05,2021-08-14 21:29:15,2021-10-03 16:43:18,,,,0,,,0,"HasTargetIdList, IsUnicode, DisableKnownFolderTracking",(None),,,,,,,Internet Explorer (Homepage)\ms-settings-connectabledevices:devicediscovery,,,,,,,
C:\Users\Klim\AppData\Roaming\Microsoft\Windows\Recent\ms-settingssound.lnk,2021-07-07 15:50:31,2021-07-07 16:00:57,2021-10-03 16:43:18,,,,0,,,0,"HasTargetIdList, IsUnicode, DisableKnownFolderTracking",(None),,,,,,,Internet Explorer (Homepage)\ms-settings:sound,,,,,,,
C:\Users\Klim\AppData\Roaming\Microsoft\Windows\Recent\New folder.lnk,2021-09-29 05:20:44,2021-09-29 05:28:17,2021-10-03 16:43:18,2021-09-27 16:44:52,2021-09-29 05:20:25,2021-09-29 05:28:17,0,,,FileAttributeDirectory,"HasTargetIdList, HasLinkInfo, IsUnicode, DisableKnownFolderTracking",Fixed storage media (Hard drive),BAD5F9B0,,D:\Univer\Old\2 курс\New folder,,,,My Computer\D:\Univer\Old\2 курс\New folder,0x66DE2,0x2,desktop-91gu178,00:d8:61:2e:91:83,MICRO-STAR INTL,2021-09-27 16:37:00,"TrackerDataBaseBlock, PropertyStoreDataBlock"
C:\Users\Klim\AppData\Roaming\Microsoft\Windows\Recent\Old.lnk,2021-09-21 17:29:39,2021-09-27 16:36:41,2021-10-03 16:43:18,2021-09-27 16:36:39,2021-09-27 16:36:39,2021-09-27 16:36:41,0,,,FileAttributeDirectory,"HasTargetIdList, HasLinkInfo, IsUnicode, DisableKnownFolderTracking",Fixed storage media (Hard drive),BAD5F9B0,,D:\Univer\Old,,,,My Computer\D:\Univer\Old,0x330C4,0xD,desktop-91gu178,00:d8:61:2e:91:83,MICRO-STAR INTL,2021-09-24 19:44:55,"TrackerDataBaseBlock, PropertyStoreDataBlock"
C:\Users\Klim\AppData\Roaming\Microsoft\Windows\Recent\PDFs.lnk,2021-09-21 17:58:52,2021-09-25 17:45:57,2021-10-03 16:43:18,2021-09-21 17:58:50,2021-09-24 20:33:26,2021-09-25 17:45:57,8192,,,FileAttributeDirectory,"HasTargetIdList, HasLinkInfo, IsUnicode, DisableKnownFolderTracking",Fixed storage media (Hard drive),BAD5F9B0,,D:\source\repos\InfoSec_Labs\PDn\NPAs\PDFs,,,,My Computer\D:\source\repos\InfoSec_Labs\PDn\NPAs\PDFs,0x3635F,0x4,desktop-91gu178,00:d8:61:2e:91:83,MICRO-STAR INTL,2021-09-19 07:29:31,"TrackerDataBaseBlock, PropertyStoreDataBlock"
C:\Users\Klim\AppData\Roaming\Microsoft\Windows\Recent\pdftotext.zip.lnk,2021-09-21 17:46:55,2021-09-21 17:46:55,2021-10-03 16:43:18,2021-09-21 17:46:52,2021-09-21 17:46:54,2021-09-21 17:46:55,7416453,,,FileAttributeArchive,"HasTargetIdList, HasLinkInfo, IsUnicode, DisableKnownFolderTracking",Fixed storage media (Hard drive),BAD5F9B0,,D:\Downloads\pdftotext.zip,,,,My Computer\D:\Downloads\pdftotext.zip,0x0,,desktop-91gu178,00:d8:61:2e:91:83,MICRO-STAR INTL,2021-09-19 07:29:31,"TrackerDataBaseBlock, PropertyStoreDataBlock"
C:\Users\Klim\AppData\Roaming\Microsoft\Windows\Recent\PDn.lnk,2021-09-22 20:04:53,2021-10-03 08:07:05,2021-10-03 16:43:18,2021-09-22 20:04:49,2021-09-26 08:06:39,2021-10-03 08:07:05,4096,,,FileAttributeDirectory,"HasTargetIdList, HasLinkInfo, IsUnicode, DisableKnownFolderTracking",Fixed storage media (Hard drive),BAD5F9B0,,D:\source\repos\InfoSec_Labs\PDn,,,,My Computer\D:\source\repos\InfoSec_Labs\PDn,0x36236,0x1B,desktop-91gu178,00:d8:61:2e:91:83,MICRO-STAR INTL,2021-09-22 18:49:19,"TrackerDataBaseBlock, PropertyStoreDataBlock"
C:\Users\Klim\AppData\Roaming\Microsoft\Windows\Recent\PDn_DocsList.docx.lnk,2021-09-22 18:53:13,2021-09-24 18:56:28,2021-10-03 16:43:18,2021-09-22 18:53:13,2021-09-24 18:35:55,2021-09-24 18:36:19,17828,,D:\source\repos\InfoSec_Labs\PDn,FileAttributeArchive,"HasTargetIdList, HasLinkInfo, HasWorkingDir, IsUnicode, DisableKnownFolderTracking",Fixed storage media (Hard drive),BAD5F9B0,,D:\source\repos\InfoSec_Labs\PDn\PDn_DocsList.docx,,,,My Computer\D:\source\repos\InfoSec_Labs\PDn\PDn_DocsList.docx,0x36284,0x15,desktop-91gu178,00:d8:61:2e:91:83,MICRO-STAR INTL,2021-09-22 18:49:19,"TrackerDataBaseBlock, PropertyStoreDataBlock"
C:\Users\Klim\AppData\Roaming\Microsoft\Windows\Recent\PDn_DocsRegulations.xlsx.lnk,2021-09-22 19:23:00,2021-10-03 08:07:05,2021-10-03 16:43:18,2021-09-22 19:23:01,2021-09-26 07:54:22,2021-10-03 08:07:05,14383,,D:\source\repos\InfoSec_Labs\PDn,FileAttributeArchive,"HasTargetIdList, HasLinkInfo, HasWorkingDir, IsUnicode, DisableKnownFolderTracking",Fixed storage media (Hard drive),BAD5F9B0,,D:\source\repos\InfoSec_Labs\PDn\PDn_DocsRegulations.xlsx,,,,My Computer\D:\source\repos\InfoSec_Labs\PDn\PDn_DocsRegulations.xlsx,0x373B2,0xC,desktop-91gu178,00:d8:61:2e:91:83,MICRO-STAR INTL,2021-09-22 18:49:19,"TrackerDataBaseBlock, PropertyStoreDataBlock"
C:\Users\Klim\AppData\Roaming\Microsoft\Windows\Recent\PP_RF_011112_1119.pdf.lnk,2021-09-25 17:45:20,2021-09-25 17:45:20,2021-10-03 16:43:18,2021-09-18 06:00:33,2021-09-18 06:01:05,2021-09-25 17:45:20,95737,,D:\source\repos\InfoSec_Labs\PDn\NPAs\PDFs,FileAttributeArchive,"HasTargetIdList, HasLinkInfo, HasWorkingDir, IsUnicode, DisableKnownFolderTracking",Fixed storage media (Hard drive),BAD5F9B0,,D:\source\repos\InfoSec_Labs\PDn\NPAs\PDFs\PP_RF_011112_1119.pdf,,,,My Computer\D:\source\repos\InfoSec_Labs\PDn\NPAs\PDFs\PP_RF_011112_1119.pdf,0x240C,0x3,desktop-91gu178,00:d8:61:2e:91:83,MICRO-STAR INTL,2021-09-15 18:41:12,"TrackerDataBaseBlock, PropertyStoreDataBlock"
C:\Users\Klim\AppData\Roaming\Microsoft\Windows\Recent\PP_RF_011112_1119.txt.lnk,2021-09-22 19:38:29,2021-09-26 07:47:36,2021-10-03 16:43:18,2021-09-21 15:46:36,2021-09-21 17:47:16,2021-09-26 07:47:36,23655,,D:\source\repos\InfoSec_Labs\PDn\NPAs\Texts,FileAttributeArchive,"HasTargetIdList, HasLinkInfo, HasWorkingDir, IsUnicode, DisableKnownFolderTracking",Fixed storage media (Hard drive),BAD5F9B0,,D:\source\repos\InfoSec_Labs\PDn\NPAs\Texts\PP_RF_011112_1119.txt,,,,My Computer\D:\source\repos\InfoSec_Labs\PDn\NPAs\Texts\PP_RF_011112_1119.txt,0x36349,0x4,desktop-91gu178,00:d8:61:2e:91:83,MICRO-STAR INTL,2021-09-22 18:49:19,"TrackerDataBaseBlock, PropertyStoreDataBlock"
C:\Users\Klim\AppData\Roaming\Microsoft\Windows\Recent\PP_RF_150908_687.pdf.lnk,2021-09-24 19:44:56,2021-09-24 19:48:42,2021-10-03 16:43:18,2021-09-18 06:02:42,2021-09-18 06:03:02,2021-09-24 19:48:42,89756,,D:\source\repos\InfoSec_Labs\PDn\NPAs\PDFs,FileAttributeArchive,"HasTargetIdList, HasLinkInfo, HasWorkingDir, IsUnicode, DisableKnownFolderTracking",Fixed storage media (Hard drive),BAD5F9B0,,D:\source\repos\InfoSec_Labs\PDn\NPAs\PDFs\PP_RF_150908_687.pdf,,,,My Computer\D:\source\repos\InfoSec_Labs\PDn\NPAs\PDFs\PP_RF_150908_687.pdf,0x242B,0x4,desktop-91gu178,00:d8:61:2e:91:83,MICRO-STAR INTL,2021-09-15 18:41:12,"TrackerDataBaseBlock, PropertyStoreDataBlock"
C:\Users\Klim\AppData\Roaming\Microsoft\Windows\Recent\PP_RF_150908_687.txt.lnk,2021-09-22 19:58:24,2021-09-22 19:58:24,2021-10-03 16:43:18,2021-09-21 15:46:38,2021-09-21 17:47:16,2021-09-22 19:58:24,17475,,D:\Univer\5year\NPAs\Texts,FileAttributeArchive,"HasTargetIdList, HasLinkInfo, HasWorkingDir, IsUnicode, DisableKnownFolderTracking",Fixed storage media (Hard drive),BAD5F9B0,,D:\Univer\5year\NPAs\Texts\PP_RF_150908_687.txt,,,,My Computer\D:\Univer\5year\NPAs\Texts\PP_RF_150908_687.txt,0x3634B,0x4,desktop-91gu178,00:d8:61:2e:91:83,MICRO-STAR INTL,2021-09-22 18:49:19,"TrackerDataBaseBlock, PropertyStoreDataBlock"
C:\Users\Klim\AppData\Roaming\Microsoft\Windows\Recent\PP_RF_210312_211.pdf.lnk,2021-09-22 19:25:53,2021-09-25 17:40:52,2021-10-03 16:43:18,2021-09-18 06:01:38,2021-09-18 06:02:14,2021-09-25 17:40:52,223276,,D:\source\repos\InfoSec_Labs\PDn\NPAs\PDFs,FileAttributeArchive,"HasTargetIdList, HasLinkInfo, HasWorkingDir, IsUnicode, DisableKnownFolderTracking",Fixed storage media (Hard drive),BAD5F9B0,,D:\source\repos\InfoSec_Labs\PDn\NPAs\PDFs\PP_RF_210312_211.pdf,,,,My Computer\D:\source\repos\InfoSec_Labs\PDn\NPAs\PDFs\PP_RF_210312_211.pdf,0x23F1,0x6,desktop-91gu178,00:d8:61:2e:91:83,MICRO-STAR INTL,2021-09-15 18:41:12,"TrackerDataBaseBlock, PropertyStoreDataBlock"
C:\Users\Klim\AppData\Roaming\Microsoft\Windows\Recent\PP_RF_210312_211.txt.lnk,2021-09-22 19:41:47,2021-10-03 11:37:16,2021-10-03 16:43:18,2021-09-21 17:42:17,2021-09-21 17:42:18,2021-10-03 11:37:16,13993,,D:\source\repos\InfoSec_Labs\PDn\NPAs\Texts,FileAttributeArchive,"HasTargetIdList, HasLinkInfo, HasWorkingDir, IsUnicode, DisableKnownFolderTracking",Fixed storage media (Hard drive),BAD5F9B0,,D:\source\repos\InfoSec_Labs\PDn\NPAs\Texts\PP_RF_210312_211.txt,,,,My Computer\D:\source\repos\InfoSec_Labs\PDn\NPAs\Texts\PP_RF_210312_211.txt,0x36336,0x4,desktop-91gu178,00:d8:61:2e:91:83,MICRO-STAR INTL,2021-09-22 18:49:19,"TrackerDataBaseBlock, PropertyStoreDataBlock"
C:\Users\Klim\AppData\Roaming\Microsoft\Windows\Recent\Primernyj_perechen6_dokumentov_25-08-2017.rtf.lnk,2021-10-03 08:33:25,2021-10-03 11:45:49,2021-10-03 16:43:18,2021-10-03 08:33:22,2021-10-03 08:33:24,2021-10-03 08:33:25,103666,,D:\Downloads,FileAttributeArchive,"HasTargetIdList, HasLinkInfo, HasWorkingDir, IsUnicode, DisableKnownFolderTracking",Fixed storage media (Hard drive),BAD5F9B0,,D:\Downloads\Primernyj_perechen6_dokumentov_25-08-2017.rtf,,,,My Computer\D:\Downloads\Primernyj_perechen6_dokumentov_25-08-2017.rtf,0x373B2,0xD,desktop-91gu178,00:d8:61:2e:91:83,MICRO-STAR INTL,2021-10-02 08:14:08,"TrackerDataBaseBlock, PropertyStoreDataBlock"
C:\Users\Klim\AppData\Roaming\Microsoft\Windows\Recent\RegistryExplorer.lnk,2021-10-01 15:50:11,2021-10-01 15:59:41,2021-10-03 16:43:18,2021-10-01 15:58:00,2021-10-01 15:58:01,2021-10-01 15:59:41,4096,,,FileAttributeDirectory,"HasTargetIdList, HasLinkInfo, IsUnicode, DisableKnownFolderTracking",Fixed storage media (Hard drive),BAD5F9B0,,D:\source\repos\usb_forensic\Tools\RegistryExplorer,,,,My Computer\D:\source\repos\usb_forensic\Tools\RegistryExplorer,0x67C1E,0x3,desktop-91gu178,00:d8:61:2e:91:83,MICRO-STAR INTL,2021-09-27 16:37:00,"TrackerDataBaseBlock, PropertyStoreDataBlock"
C:\Users\Klim\AppData\Roaming\Microsoft\Windows\Recent\RegistryExplorerManual.pdf.lnk,2021-10-01 15:50:11,2021-10-01 15:59:41,2021-10-03 16:43:18,2021-10-01 15:58:01,2020-01-07 19:30:27,2021-10-01 15:58:01,3966637,,D:\source\repos\usb_forensic\Tools\RegistryExplorer,FileAttributeArchive,"HasTargetIdList, HasLinkInfo, HasWorkingDir, IsUnicode, DisableKnownFolderTracking",Fixed storage media (Hard drive),BAD5F9B0,,D:\source\repos\usb_forensic\Tools\RegistryExplorer\RegistryExplorerManual.pdf,,,,My Computer\D:\source\repos\usb_forensic\Tools\RegistryExplorer\RegistryExplorerManual.pdf,0x67C22,0x3,desktop-91gu178,00:d8:61:2e:91:83,MICRO-STAR INTL,2021-09-27 16:37:00,"TrackerDataBaseBlock, PropertyStoreDataBlock"
C:\Users\Klim\AppData\Roaming\Microsoft\Windows\Recent\RegistryExplorer_RECmd.zip.lnk,2021-10-01 15:55:07,2021-10-01 15:55:07,2021-10-03 16:43:18,2021-10-01 15:54:15,2021-10-01 15:54:55,2021-10-01 15:55:07,80437122,,,FileAttributeArchive,"HasTargetIdList, HasLinkInfo, IsUnicode, DisableKnownFolderTracking",Fixed storage media (Hard drive),BAD5F9B0,,D:\Downloads\RegistryExplorer_RECmd.zip,,,,My Computer\D:\Downloads\RegistryExplorer_RECmd.zip,0x0,,desktop-91gu178,00:d8:61:2e:91:83,MICRO-STAR INTL,2021-09-27 16:37:00,"TrackerDataBaseBlock, PropertyStoreDataBlock"
C:\Users\Klim\AppData\Roaming\Microsoft\Windows\Recent\repos.lnk,2021-09-14 17:24:25,2021-10-02 08:13:05,2021-10-03 16:43:18,2021-05-25 13:08:57,2021-09-19 10:29:16,2021-10-02 08:13:05,0,,,FileAttributeDirectory,"HasTargetIdList, HasLinkInfo, IsUnicode, DisableKnownFolderTracking",Fixed storage media (Hard drive),BAD5F9B0,,D:\source\repos,,,,My Computer\D:\source\repos,0x2D,0x1,desktop-91gu178,00:d8:61:2e:91:83,MICRO-STAR INTL,2021-05-25 08:40:57,"TrackerDataBaseBlock, PropertyStoreDataBlock"
C:\Users\Klim\AppData\Roaming\Microsoft\Windows\Recent\REZAS.lnk,2021-09-22 20:05:03,2021-10-03 08:06:41,2021-10-03 16:43:18,2021-09-22 20:05:01,2021-10-03 08:06:39,2021-10-03 08:06:41,0,,,FileAttributeDirectory,"HasTargetIdList, HasLinkInfo, IsUnicode, DisableKnownFolderTracking",Fixed storage media (Hard drive),BAD5F9B0,,D:\source\repos\InfoSec_Labs\REZAS,,,,My Computer\D:\source\repos\InfoSec_Labs\REZAS,0x36238,0x8,desktop-91gu178,00:d8:61:2e:91:83,MICRO-STAR INTL,2021-09-22 18:49:19,"TrackerDataBaseBlock, PropertyStoreDataBlock"
C:\Users\Klim\AppData\Roaming\Microsoft\Windows\Recent\REZAS_LR1_Burov.docx.lnk,2021-09-17 07:55:18,2021-09-25 17:08:20,2021-10-03 16:43:18,2021-09-25 17:08:05,2021-09-25 17:08:05,2021-09-25 17:08:20,4741004,,D:\source\repos\InfoSec_Labs\REZAS,FileAttributeArchive,"HasTargetIdList, HasLinkInfo, HasWorkingDir, IsUnicode, DisableKnownFolderTracking",Fixed storage media (Hard drive),BAD5F9B0,,D:\source\repos\InfoSec_Labs\REZAS\REZAS_LR1_Burov.docx,,,,My Computer\D:\source\repos\InfoSec_Labs\REZAS\REZAS_LR1_Burov.docx,0x35F5A,0x7,desktop-91gu178,00:d8:61:2e:91:83,MICRO-STAR INTL,2021-09-24 19:44:55,"TrackerDataBaseBlock, PropertyStoreDataBlock"
C:\Users\Klim\AppData\Roaming\Microsoft\Windows\Recent\RKN_050913_996.txt.lnk,2021-09-21 18:25:26,2021-09-21 18:25:26,2021-10-03 16:43:18,2021-09-21 18:25:24,2021-09-21 18:25:24,2021-09-21 18:25:24,0,,D:\Univer\5year\NPAs\Texts,FileAttributeArchive,"HasTargetIdList, HasLinkInfo, HasWorkingDir, IsUnicode, DisableKnownFolderTracking",Fixed storage media (Hard drive),BAD5F9B0,,D:\Univer\5year\NPAs\Texts\RKN_050913_996.txt,,,,My Computer\D:\Univer\5year\NPAs\Texts\RKN_050913_996.txt,0x36396,0x4,desktop-91gu178,00:d8:61:2e:91:83,MICRO-STAR INTL,2021-09-19 07:29:31,"TrackerDataBaseBlock, PropertyStoreDataBlock"
C:\Users\Klim\AppData\Roaming\Microsoft\Windows\Recent\RKN_150313_274.txt.lnk,2021-09-21 18:26:09,2021-09-21 18:26:09,2021-10-03 16:43:18,2021-09-21 18:26:08,2021-09-21 18:26:08,2021-09-21 18:26:08,0,,D:\Univer\5year\NPAs\Texts,FileAttributeArchive,"HasTargetIdList, HasLinkInfo, HasWorkingDir, IsUnicode, DisableKnownFolderTracking",Fixed storage media (Hard drive),BAD5F9B0,,D:\Univer\5year\NPAs\Texts\RKN_150313_274.txt,,,,My Computer\D:\Univer\5year\NPAs\Texts\RKN_150313_274.txt,0x36398,0x4,desktop-91gu178,00:d8:61:2e:91:83,MICRO-STAR INTL,2021-09-19 07:29:31,"TrackerDataBaseBlock, PropertyStoreDataBlock"
C:\Users\Klim\AppData\Roaming\Microsoft\Windows\Recent\RKN_210621_106_NEVST.pdf.lnk,2021-09-18 06:33:36,2021-09-21 18:16:17,2021-10-03 16:43:18,2021-09-18 06:33:36,2021-09-18 06:33:39,2021-09-21 18:15:16,760164,,D:\Univer\5year\NPAs,FileAttributeArchive,"HasTargetIdList, HasLinkInfo, HasWorkingDir, IsUnicode, DisableKnownFolderTracking",Fixed storage media (Hard drive),BAD5F9B0,,D:\Univer\5year\NPAs\RKN_210621_106_NEVST.pdf,,,,My Computer\D:\Univer\5year\NPAs\RKN_210621_106_NEVST.pdf,0x273C,0x5,desktop-91gu178,00:d8:61:2e:91:83,MICRO-STAR INTL,2021-09-15 18:41:12,"TrackerDataBaseBlock, PropertyStoreDataBlock"
C:\Users\Klim\AppData\Roaming\Microsoft\Windows\Recent\RKN_210621_106_NEVST.txt.lnk,2021-09-21 18:26:57,2021-09-21 18:26:57,2021-10-03 16:43:18,2021-09-21 18:26:49,2021-09-21 18:26:49,2021-09-21 18:26:49,0,,D:\Univer\5year\NPAs\Texts,FileAttributeArchive,"HasTargetIdList, HasLinkInfo, HasWorkingDir, IsUnicode, DisableKnownFolderTracking",Fixed storage media (Hard drive),BAD5F9B0,,D:\Univer\5year\NPAs\Texts\RKN_210621_106_NEVST.txt,,,,My Computer\D:\Univer\5year\NPAs\Texts\RKN_210621_106_NEVST.txt,0x3639A,0x4,desktop-91gu178,00:d8:61:2e:91:83,MICRO-STAR INTL,2021-09-19 07:29:31,"TrackerDataBaseBlock, PropertyStoreDataBlock"
C:\Users\Klim\AppData\Roaming\Microsoft\Windows\Recent\RKN_240221_18.txt.lnk,2021-09-21 18:27:41,2021-09-21 18:27:41,2021-10-03 16:43:18,2021-09-21 18:27:40,2021-09-21 18:27:40,2021-09-21 18:27:40,0,,D:\Univer\5year\NPAs\Texts,FileAttributeArchive,"HasTargetIdList, HasLinkInfo, HasWorkingDir, IsUnicode, DisableKnownFolderTracking",Fixed storage media (Hard drive),BAD5F9B0,,D:\Univer\5year\NPAs\Texts\RKN_240221_18.txt,,,,My Computer\D:\Univer\5year\NPAs\Texts\RKN_240221_18.txt,0x3639C,0x4,desktop-91gu178,00:d8:61:2e:91:83,MICRO-STAR INTL,2021-09-19 07:29:31,"TrackerDataBaseBlock, PropertyStoreDataBlock"
C:\Users\Klim\AppData\Roaming\Microsoft\Windows\Recent\RKN_300517_94.pdf.lnk,2021-09-22 19:32:44,2021-09-24 18:43:14,2021-10-03 16:43:18,2021-09-18 06:30:42,2021-09-18 06:30:54,2021-09-22 20:05:42,3490911,,D:\source\repos\InfoSec_Labs\PDn\NPAs\PDFs,FileAttributeArchive,"HasTargetIdList, HasLinkInfo, HasWorkingDir, IsUnicode, DisableKnownFolderTracking",Fixed storage media (Hard drive),BAD5F9B0,,D:\source\repos\InfoSec_Labs\PDn\NPAs\PDFs\RKN_300517_94.pdf,,,,My Computer\D:\source\repos\InfoSec_Labs\PDn\NPAs\PDFs\RKN_300517_94.pdf,0x273A,0x5,desktop-91gu178,00:d8:61:2e:91:83,MICRO-STAR INTL,2021-09-15 18:41:12,"TrackerDataBaseBlock, PropertyStoreDataBlock"
C:\Users\Klim\AppData\Roaming\Microsoft\Windows\Recent\RKN_300517_94.txt.lnk,2021-09-21 18:28:24,2021-09-22 19:46:25,2021-10-03 16:43:18,2021-09-21 18:28:22,2021-09-21 18:28:31,2021-09-22 19:46:13,54555,,D:\Univer\5year\NPAs\Texts,FileAttributeArchive,"HasTargetIdList, HasLinkInfo, HasWorkingDir, IsUnicode, DisableKnownFolderTracking",Fixed storage media (Hard drive),BAD5F9B0,,D:\Univer\5year\NPAs\Texts\RKN_300517_94.txt,,,,My Computer\D:\Univer\5year\NPAs\Texts\RKN_300517_94.txt,0x3639E,0x4,desktop-91gu178,00:d8:61:2e:91:83,MICRO-STAR INTL,2021-09-19 07:29:31,"TrackerDataBaseBlock, PropertyStoreDataBlock"
C:\Users\Klim\AppData\Roaming\Microsoft\Windows\Recent\RKN_METREKOM_050913_996.pdf.lnk,2021-09-18 06:35:29,2021-09-21 18:29:17,2021-10-03 16:43:18,2021-09-18 06:35:30,2021-09-18 06:35:46,2021-09-21 17:11:13,4444922,,D:\Univer\5year\NPAs,FileAttributeArchive,"HasTargetIdList, HasLinkInfo, HasWorkingDir, IsUnicode, DisableKnownFolderTracking",Fixed storage media (Hard drive),BAD5F9B0,,D:\Univer\5year\NPAs\RKN_METREKOM_050913_996.pdf,,,,My Computer\D:\Univer\5year\NPAs\RKN_METREKOM_050913_996.pdf,0x273E,0x5,desktop-91gu178,00:d8:61:2e:91:83,MICRO-STAR INTL,2021-09-15 18:41:12,"TrackerDataBaseBlock, PropertyStoreDataBlock"
C:\Users\Klim\AppData\Roaming\Microsoft\Windows\Recent\RKN_METREKOM_050913_996.txt.lnk,2021-09-21 18:29:57,2021-09-21 18:29:57,2021-10-03 16:43:18,2021-09-21 18:29:55,2021-09-21 18:29:55,2021-09-21 18:29:55,0,,D:\Univer\5year\NPAs\Texts,FileAttributeArchive,"HasTargetIdList, HasLinkInfo, HasWorkingDir, IsUnicode, DisableKnownFolderTracking",Fixed storage media (Hard drive),BAD5F9B0,,D:\Univer\5year\NPAs\Texts\RKN_METREKOM_050913_996.txt,,,,My Computer\D:\Univer\5year\NPAs\Texts\RKN_METREKOM_050913_996.txt,0x363A0,0x4,desktop-91gu178,00:d8:61:2e:91:83,MICRO-STAR INTL,2021-09-19 07:29:31,"TrackerDataBaseBlock, PropertyStoreDataBlock"
C:\Users\Klim\AppData\Roaming\Microsoft\Windows\Recent\RKN_RAZJASN_PD_RABOTNIKOV.pdf.lnk,2021-09-18 07:24:51,2021-09-24 19:45:51,2021-10-03 16:43:18,2021-09-18 07:24:51,2021-09-18 07:24:58,2021-09-22 20:05:42,2147555,,D:\source\repos\InfoSec_Labs\PDn\NPAs\PDFs,FileAttributeArchive,"HasTargetIdList, HasLinkInfo, HasWorkingDir, IsUnicode, DisableKnownFolderTracking",Fixed storage media (Hard drive),BAD5F9B0,,D:\source\repos\InfoSec_Labs\PDn\NPAs\PDFs\RKN_RAZJASN_PD_RABOTNIKOV.pdf,,,,My Computer\D:\source\repos\InfoSec_Labs\PDn\NPAs\PDFs\RKN_RAZJASN_PD_RABOTNIKOV.pdf,0x274C,0x5,desktop-91gu178,00:d8:61:2e:91:83,MICRO-STAR INTL,2021-09-15 18:41:12,"TrackerDataBaseBlock, PropertyStoreDataBlock"
C:\Users\Klim\AppData\Roaming\Microsoft\Windows\Recent\RKN_RAZJASN_PD_RABOTNIKOV.txt.lnk,2021-09-21 17:34:08,2021-09-21 18:32:33,2021-10-03 16:43:18,2021-09-21 18:32:31,2021-09-21 18:32:31,2021-09-21 18:32:31,0,,D:\Univer\5year\NPAs\Texts,FileAttributeArchive,"HasTargetIdList, HasLinkInfo, HasWorkingDir, IsUnicode, DisableKnownFolderTracking",Fixed storage media (Hard drive),BAD5F9B0,,D:\Univer\5year\NPAs\Texts\RKN_RAZJASN_PD_RABOTNIKOV.txt,,,,My Computer\D:\Univer\5year\NPAs\Texts\RKN_RAZJASN_PD_RABOTNIKOV.txt,0x363A1,0x5,desktop-91gu178,00:d8:61:2e:91:83,MICRO-STAR INTL,2021-09-19 07:29:31,"TrackerDataBaseBlock, PropertyStoreDataBlock"
C:\Users\Klim\AppData\Roaming\Microsoft\Windows\Recent\RKN_REKOM_POLITIKI.pdf.lnk,2021-09-18 07:27:06,2021-09-21 16:55:49,2021-10-03 16:43:18,2021-09-18 07:27:06,2021-09-18 07:27:07,2021-09-21 16:43:36,489059,,D:\Univer\5year\NPAs,FileAttributeArchive,"HasTargetIdList, HasLinkInfo, HasWorkingDir, IsUnicode, DisableKnownFolderTracking",Fixed storage media (Hard drive),BAD5F9B0,,D:\Univer\5year\NPAs\RKN_REKOM_POLITIKI.pdf,,,,My Computer\D:\Univer\5year\NPAs\RKN_REKOM_POLITIKI.pdf,0x274F,0x5,desktop-91gu178,00:d8:61:2e:91:83,MICRO-STAR INTL,2021-09-19 07:29:31,"TrackerDataBaseBlock, PropertyStoreDataBlock"
C:\Users\Klim\AppData\Roaming\Microsoft\Windows\Recent\ServiceDescriptions.txt.lnk,2021-10-03 08:06:41,2021-10-03 08:06:41,2021-10-03 16:43:18,2021-09-25 17:08:05,2021-09-25 17:08:05,2021-10-01 19:09:46,649,,D:\source\repos\InfoSec_Labs\REZAS,FileAttributeArchive,"HasTargetIdList, HasLinkInfo, HasWorkingDir, IsUnicode, DisableKnownFolderTracking",Fixed storage media (Hard drive),BAD5F9B0,,D:\source\repos\InfoSec_Labs\REZAS\ServiceDescriptions.txt,,,,My Computer\D:\source\repos\InfoSec_Labs\REZAS\ServiceDescriptions.txt,0x373D2,0x3,desktop-91gu178,00:d8:61:2e:91:83,MICRO-STAR INTL,2021-10-02 08:14:08,"TrackerDataBaseBlock, PropertyStoreDataBlock"
C:\Users\Klim\AppData\Roaming\Microsoft\Windows\Recent\Sound.lnk,2021-07-07 16:01:31,2021-07-07 16:07:58,2021-10-03 16:43:18,,,,0,,,0,"HasTargetIdList, IsUnicode, DisableKnownFolderTracking",(None),,,,,,,Control Panel\All Control Panel Items\Microsoft Sound,,,,,,,
C:\Users\Klim\AppData\Roaming\Microsoft\Windows\Recent\Sources (2).lnk,2021-10-02 08:14:01,2021-10-02 08:14:13,2021-10-03 16:43:18,2021-10-02 08:12:58,2021-10-02 08:14:13,2021-10-02 08:14:13,0,,,FileAttributeDirectory,"HasTargetIdList, HasLinkInfo, IsUnicode, DisableKnownFolderTracking",Fixed storage media (Hard drive),BAD5F9B0,,D:\source\repos\usb_forensic\Sources,,,,My Computer\D:\source\repos\usb_forensic\Sources,0x35FAE,0x8,desktop-91gu178,00:d8:61:2e:91:83,MICRO-STAR INTL,2021-09-27 16:37:00,"TrackerDataBaseBlock, PropertyStoreDataBlock"
C:\Users\Klim\AppData\Roaming\Microsoft\Windows\Recent\Sources (3).lnk,2021-10-02 08:14:13,2021-10-02 08:14:13,2021-10-03 16:43:18,2021-10-02 08:12:58,2021-10-02 08:14:13,2021-10-02 08:14:13,0,,,FileAttributeDirectory,"HasTargetIdList, HasLinkInfo, IsUnicode, DisableKnownFolderTracking",Fixed storage media (Hard drive),BAD5F9B0,,D:\source\repos\usb_forensic\Sources,,,,My Computer\D:\source\repos\usb_forensic\Sources,0x35FAE,0x8,desktop-91gu178,00:d8:61:2e:91:83,MICRO-STAR INTL,2021-09-27 16:37:00,"TrackerDataBaseBlock, PropertyStoreDataBlock"
C:\Users\Klim\AppData\Roaming\Microsoft\Windows\Recent\Sources&IoCs.lnk,2021-10-02 20:02:20,2021-10-02 20:02:20,2021-10-03 16:43:18,2021-10-02 08:12:58,2021-10-02 20:02:20,2021-10-02 20:02:20,0,,,FileAttributeDirectory,"HasTargetIdList, HasLinkInfo, IsUnicode, DisableKnownFolderTracking",Fixed storage media (Hard drive),BAD5F9B0,,D:\source\repos\usb_forensic\Sources&IoCs,,,,My Computer\D:\source\repos\usb_forensic\Sources&IoCs,0x35FAE,0x8,desktop-91gu178,00:d8:61:2e:91:83,MICRO-STAR INTL,2021-09-27 16:37:00,"TrackerDataBaseBlock, PropertyStoreDataBlock"
C:\Users\Klim\AppData\Roaming\Microsoft\Windows\Recent\Sources.lnk,2021-10-02 08:13:05,2021-10-02 08:14:01,2021-10-03 16:43:18,2021-10-02 08:12:58,2021-10-02 08:14:01,2021-10-02 08:14:01,0,,,FileAttributeDirectory,"HasTargetIdList, HasLinkInfo, IsUnicode, DisableKnownFolderTracking",Fixed storage media (Hard drive),BAD5F9B0,,D:\source\repos\usb_forensic\Sources,,,,My Computer\D:\source\repos\usb_forensic\Sources,0x35FAE,0x8,desktop-91gu178,00:d8:61:2e:91:83,MICRO-STAR INTL,2021-09-27 16:37:00,"TrackerDataBaseBlock, PropertyStoreDataBlock"
C:\Users\Klim\AppData\Roaming\Microsoft\Windows\Recent\SRUM.lnk,2021-10-02 08:13:16,2021-10-02 08:13:16,2021-10-03 16:43:18,2021-10-02 08:13:13,2021-10-02 08:13:13,2021-10-02 08:13:16,0,,,FileAttributeDirectory,"HasTargetIdList, HasLinkInfo, IsUnicode, DisableKnownFolderTracking",Fixed storage media (Hard drive),BAD5F9B0,,D:\source\repos\usb_forensic\Sources\SRUM,,,,My Computer\D:\source\repos\usb_forensic\Sources\SRUM,0x35FB0,0x7,desktop-91gu178,00:d8:61:2e:91:83,MICRO-STAR INTL,2021-09-27 16:37:00,"TrackerDataBaseBlock, PropertyStoreDataBlock"
C:\Users\Klim\AppData\Roaming\Microsoft\Windows\Recent\SrumECmd.lnk,2021-10-02 08:04:44,2021-10-02 08:08:11,2021-10-03 16:43:18,2021-10-02 08:00:22,2021-10-02 08:04:24,2021-10-02 08:08:11,4096,,,FileAttributeDirectory,"HasTargetIdList, HasLinkInfo, IsUnicode, DisableKnownFolderTracking",Fixed storage media (Hard drive),BAD5F9B0,,D:\Tools\SrumECmd,,,,My Computer\D:\Tools\SrumECmd,0x31F1A,0x9,desktop-91gu178,00:d8:61:2e:91:83,MICRO-STAR INTL,2021-09-27 16:37:00,"TrackerDataBaseBlock, PropertyStoreDataBlock"
C:\Users\Klim\AppData\Roaming\Microsoft\Windows\Recent\Syaktereva.lnk,2021-09-20 18:18:50,2021-10-03 07:45:12,2021-10-03 16:43:18,2021-09-20 18:18:44,2021-10-03 07:45:12,2021-10-03 07:45:12,0,,,FileAttributeDirectory,"HasTargetIdList, HasLinkInfo, IsUnicode, DisableKnownFolderTracking",Fixed storage media (Hard drive),BAD5F9B0,,D:\Univer\Syaktereva,,,,My Computer\D:\Univer\Syaktereva,0x35FAA,0x6,desktop-91gu178,00:d8:61:2e:91:83,MICRO-STAR INTL,2021-09-19 07:29:31,"TrackerDataBaseBlock, PropertyStoreDataBlock"
C:\Users\Klim\AppData\Roaming\Microsoft\Windows\Recent\Texts.lnk,2021-09-21 16:33:51,2021-10-03 11:37:16,2021-10-03 16:43:18,2021-09-21 16:33:46,2021-09-21 18:32:33,2021-10-03 11:37:16,8192,,,FileAttributeDirectory,"HasTargetIdList, HasLinkInfo, IsUnicode, DisableKnownFolderTracking",Fixed storage media (Hard drive),BAD5F9B0,,D:\source\repos\InfoSec_Labs\PDn\NPAs\Texts,,,,My Computer\D:\source\repos\InfoSec_Labs\PDn\NPAs\Texts,0x31F08,0x7,desktop-91gu178,00:d8:61:2e:91:83,MICRO-STAR INTL,2021-09-19 07:29:31,"TrackerDataBaseBlock, PropertyStoreDataBlock"
C:\Users\Klim\AppData\Roaming\Microsoft\Windows\Recent\The Internet.lnk,2021-05-26 08:53:18,2021-10-01 13:07:03,2021-10-03 16:43:18,,,,0,,,0,"HasTargetIdList, IsUnicode, DisableKnownFolderTracking",(None),,,,,,,Internet Explorer (Homepage),,,,,,,
C:\Users\Klim\AppData\Roaming\Microsoft\Windows\Recent\This PC.lnk,2021-05-25 13:08:55,2021-10-02 06:16:07,2021-10-03 16:43:18,,,,0,,,0,"HasTargetIdList, IsUnicode, DisableKnownFolderTracking",(None),,,,,,,My Computer,,,,,,,
C:\Users\Klim\AppData\Roaming\Microsoft\Windows\Recent\TK_RF.txt.lnk,2021-09-26 07:52:00,2021-09-26 07:52:00,2021-10-03 16:43:18,2021-09-21 17:30:44,2021-09-21 17:30:44,2021-09-26 07:52:00,1522804,,D:\source\repos\InfoSec_Labs\PDn\NPAs\Texts,FileAttributeArchive,"HasTargetIdList, HasLinkInfo, HasWorkingDir, IsUnicode, DisableKnownFolderTracking",Fixed storage media (Hard drive),BAD5F9B0,,D:\source\repos\InfoSec_Labs\PDn\NPAs\Texts\TK_RF.txt,,,,My Computer\D:\source\repos\InfoSec_Labs\PDn\NPAs\Texts\TK_RF.txt,0x3632E,0x4,desktop-91gu178,00:d8:61:2e:91:83,MICRO-STAR INTL,2021-09-19 07:29:31,"TrackerDataBaseBlock, PropertyStoreDataBlock"
C:\Users\Klim\AppData\Roaming\Microsoft\Windows\Recent\Trash (2).lnk,2021-09-28 19:02:01,2021-10-01 15:42:37,2021-10-03 16:43:18,2021-05-25 14:58:15,2021-10-01 15:42:37,2021-10-01 15:42:37,4096,,,FileAttributeDirectory,"HasTargetIdList, HasLinkInfo, IsUnicode, DisableKnownFolderTracking",Fixed storage media (Hard drive),BAD5F9B0,,D:\Trash,,,,My Computer\D:\Trash,0x1828D,0x5,desktop-91gu178,00:d8:61:2e:91:83,MICRO-STAR INTL,2021-05-25 14:00:14,"TrackerDataBaseBlock, PropertyStoreDataBlock"
C:\Users\Klim\AppData\Roaming\Microsoft\Windows\Recent\Trash.lnk,2021-05-25 14:58:18,2021-06-10 18:57:23,2021-10-03 16:43:18,2021-05-25 14:58:15,2021-06-10 18:57:23,2021-06-10 18:57:23,0,,,FileAttributeDirectory,"HasTargetIdList, HasLinkInfo, IsUnicode, DisableKnownFolderTracking",Fixed storage media (Hard drive),BAD5F9B0,,D:\Trash,,,,My Computer\D:\Trash,0x1828D,0x5,desktop-91gu178,00:d8:61:2e:91:83,MICRO-STAR INTL,2021-05-25 14:00:14,"TrackerDataBaseBlock, PropertyStoreDataBlock"
C:\Users\Klim\AppData\Roaming\Microsoft\Windows\Recent\Uninstall a program (2).lnk,2021-09-14 15:32:39,2021-09-24 16:35:09,2021-10-03 16:43:18,,,,0,,,0,"HasTargetIdList, IsUnicode, DisableKnownFolderTracking",(None),,,,,,,All Tasks\Uninstall a program,,,,,,,
C:\Users\Klim\AppData\Roaming\Microsoft\Windows\Recent\Uninstall a program.lnk,2021-06-09 14:49:47,2021-06-28 16:36:33,2021-10-03 16:43:18,,,,0,,,0,"HasTargetIdList, IsUnicode, DisableKnownFolderTracking",(None),,,,,,,All Tasks\Uninstall a program,,,,,,,
C:\Users\Klim\AppData\Roaming\Microsoft\Windows\Recent\Unity Projects.lnk,2021-06-09 15:26:11,2021-06-09 15:28:17,2021-10-03 16:43:18,2021-06-09 15:26:03,2021-06-09 15:26:03,2021-06-09 15:28:16,0,,,FileAttributeDirectory,"HasTargetIdList, HasLinkInfo, IsUnicode, DisableKnownFolderTracking",Fixed storage media (Hard drive),BAD5F9B0,,D:\Unity Projects,,,,My Computer\D:\Unity Projects,0x313AC,0x1,desktop-91gu178,00:d8:61:2e:91:83,MICRO-STAR INTL,2021-06-04 16:57:54,"TrackerDataBaseBlock, PropertyStoreDataBlock"
C:\Users\Klim\AppData\Roaming\Microsoft\Windows\Recent\Univer.lnk,2021-08-15 19:08:54,2021-09-27 16:36:41,2021-10-03 16:43:18,2021-08-15 19:08:51,2021-09-27 16:36:41,2021-09-27 16:36:41,0,,,FileAttributeDirectory,"HasTargetIdList, HasLinkInfo, IsUnicode, DisableKnownFolderTracking",Fixed storage media (Hard drive),BAD5F9B0,,D:\Univer,,,,My Computer\D:\Univer,0x361DB,0xD,desktop-91gu178,00:1a:7d:da:71:05,CYBER-BLUE,2021-08-14 21:26:33,"TrackerDataBaseBlock, PropertyStoreDataBlock"
C:\Users\Klim\AppData\Roaming\Microsoft\Windows\Recent\USB.png.lnk,2021-09-13 10:09:49,2021-09-26 16:27:38,2021-10-03 16:43:18,2021-09-13 10:09:42,2021-09-13 10:09:49,2021-09-26 16:27:38,77993,,D:\source\repos\usb_forensic,FileAttributeArchive,"HasTargetIdList, HasLinkInfo, HasWorkingDir, IsUnicode, DisableKnownFolderTracking",Fixed storage media (Hard drive),BAD5F9B0,,D:\source\repos\usb_forensic\USB.png,,,,My Computer\D:\source\repos\usb_forensic\USB.png,0x6A33E,0x2,desktop-91gu178,00:d8:61:2e:91:83,MICRO-STAR INTL,2021-09-24 19:44:55,"TrackerDataBaseBlock, PropertyStoreDataBlock"
C:\Users\Klim\AppData\Roaming\Microsoft\Windows\Recent\usb_forensic (2).lnk,2021-09-19 08:54:30,2021-10-02 20:02:20,2021-10-03 16:43:18,2021-09-13 10:07:33,2021-10-02 20:02:12,2021-10-02 20:02:20,4096,,,FileAttributeDirectory,"HasTargetIdList, HasLinkInfo, IsUnicode, DisableKnownFolderTracking",Fixed storage media (Hard drive),BAD5F9B0,,D:\source\repos\usb_forensic,,,,My Computer\D:\source\repos\usb_forensic,0x6A135,0x3,desktop-91gu178,00:d8:61:2e:91:83,MICRO-STAR INTL,2021-09-12 09:17:38,"TrackerDataBaseBlock, PropertyStoreDataBlock"
C:\Users\Klim\AppData\Roaming\Microsoft\Windows\Recent\USB_Forensic.lnk,2021-09-13 10:09:49,2021-09-18 09:59:11,2021-10-03 16:43:18,2021-09-18 09:32:25,2021-09-18 09:59:11,2021-09-18 09:59:11,4096,,,FileAttributeDirectory,"HasTargetIdList, HasLinkInfo, IsUnicode, DisableKnownFolderTracking",Fixed storage media (Hard drive),BAD5F9B0,,D:\source\repos\usb_forensic\USB_Forensic\USB_Forensic,,,,My Computer\D:\source\repos\usb_forensic\USB_Forensic\USB_Forensic,0x0,,desktop-91gu178,00:d8:61:2e:91:83,MICRO-STAR INTL,2021-09-18 09:46:50,"TrackerDataBaseBlock, PropertyStoreDataBlock"
C:\Users\Klim\AppData\Roaming\Microsoft\Windows\Recent\USB_Forensic.sln.lnk,2021-09-18 09:32:31,2021-09-26 08:17:18,2021-10-03 16:43:18,2021-09-19 09:27:12,2021-09-19 09:27:12,2021-09-26 08:17:15,1142,,D:\source\repos\usb_forensic\USB_Forensic,FileAttributeArchive,"HasTargetIdList, HasLinkInfo, HasWorkingDir, IsUnicode, DisableKnownFolderTracking",Fixed storage media (Hard drive),BAD5F9B0,,D:\source\repos\usb_forensic\USB_Forensic\USB_Forensic.sln,,,,My Computer\D:\source\repos\usb_forensic\USB_Forensic\USB_Forensic.sln,0x275A,0x5,desktop-91gu178,00:d8:61:2e:91:83,MICRO-STAR INTL,2021-09-19 07:29:31,"TrackerDataBaseBlock, PropertyStoreDataBlock"
C:\Users\Klim\AppData\Roaming\Microsoft\Windows\Recent\Utilities.lnk,2021-09-24 16:35:51,2021-09-24 16:37:32,2021-10-03 16:43:18,2021-09-24 16:35:47,2021-09-24 16:35:47,2021-09-24 16:37:30,0,,,FileAttributeDirectory,"HasTargetIdList, HasLinkInfo, IsUnicode, DisableKnownFolderTracking",Fixed storage media (Hard drive),BAD5F9B0,,D:\source\repos\InfoSec_Labs\Utilities,,,,My Computer\D:\source\repos\InfoSec_Labs\Utilities,0x35F55,0x15,desktop-91gu178,00:d8:61:2e:91:83,MICRO-STAR INTL,2021-09-22 18:49:19,"TrackerDataBaseBlock, PropertyStoreDataBlock"
C:\Users\Klim\AppData\Roaming\Microsoft\Windows\Recent\_Информация_ ФСБ России от 21.06.2016  О нормативно-методиче.rtf.lnk,2021-09-21 18:21:08,2021-09-21 18:21:08,2021-10-03 16:43:18,2021-09-21 18:20:49,2021-09-21 18:20:49,2021-09-21 18:21:08,28478,,D:\Downloads,FileAttributeArchive,"HasTargetIdList, HasLinkInfo, HasWorkingDir, IsUnicode, DisableKnownFolderTracking",Fixed storage media (Hard drive),BAD5F9B0,,D:\Downloads\_Информация_ ФСБ России от 21.06.2016  О нормативно-методиче.rtf,,,,My Computer\D:\Downloads\_Информация_ ФСБ России от 21.06.2016  О нормативно-методиче.rtf,0x3638D,0x5,desktop-91gu178,00:d8:61:2e:91:83,MICRO-STAR INTL,2021-09-19 07:29:31,"TrackerDataBaseBlock, PropertyStoreDataBlock"
C:\Users\Klim\AppData\Roaming\Microsoft\Windows\Recent\Британский стандарт.docx.lnk,2021-10-03 07:16:41,2021-10-03 07:45:12,2021-10-03 16:43:18,2021-10-03 07:16:36,2021-10-03 07:43:55,2021-10-03 07:43:55,18971,,D:\Univer\Syaktereva,FileAttributeArchive,"HasTargetIdList, HasLinkInfo, HasWorkingDir, IsUnicode, DisableKnownFolderTracking",Fixed storage media (Hard drive),BAD5F9B0,,D:\Univer\Syaktereva\Британский стандарт.docx,,,,My Computer\D:\Univer\Syaktereva\Британский стандарт.docx,0x67E14,0xB,desktop-91gu178,00:d8:61:2e:91:83,MICRO-STAR INTL,2021-10-02 08:14:08,"TrackerDataBaseBlock, PropertyStoreDataBlock"
C:\Users\Klim\AppData\Roaming\Microsoft\Windows\Recent\варианты.docx.lnk,2021-10-02 19:47:10,2021-10-02 19:47:10,2021-10-03 16:43:18,2021-10-02 19:47:08,2021-10-02 19:47:08,2021-10-02 19:47:10,14864,,D:\Downloads,FileAttributeArchive,"HasTargetIdList, HasLinkInfo, HasWorkingDir, IsUnicode, DisableKnownFolderTracking",Fixed storage media (Hard drive),BAD5F9B0,,D:\Downloads\варианты.docx,,,,My Computer\D:\Downloads\варианты.docx,0x3620C,0x7,desktop-91gu178,00:d8:61:2e:91:83,MICRO-STAR INTL,2021-10-02 08:14:08,"TrackerDataBaseBlock, PropertyStoreDataBlock"
C:\Users\Klim\AppData\Roaming\Microsoft\Windows\Recent\лек.docx.lnk,2021-10-03 05:34:19,2021-10-03 10:44:09,2021-10-03 16:43:18,2021-10-03 05:34:17,2021-10-03 05:34:18,2021-10-03 05:34:19,28993,,D:\Downloads,FileAttributeArchive,"HasTargetIdList, HasLinkInfo, HasWorkingDir, IsUnicode, DisableKnownFolderTracking",Fixed storage media (Hard drive),BAD5F9B0,,D:\Downloads\лек.docx,,,,My Computer\D:\Downloads\лек.docx,0x67E0F,0x5,desktop-91gu178,00:d8:61:2e:91:83,MICRO-STAR INTL,2021-10-02 08:14:08,"TrackerDataBaseBlock, PropertyStoreDataBlock"
C:\Users\Klim\AppData\Roaming\Microsoft\Windows\Recent\Лек_описание этапов.docx.lnk,2021-10-02 05:57:53,2021-10-02 05:57:53,2021-10-03 16:43:18,2021-09-25 06:05:07,2021-09-25 05:01:12,2021-09-25 06:05:06,33229,,E:\5 курс\С09-361-1,FileAttributeArchive,"HasTargetIdList, HasLinkInfo, HasWorkingDir, IsUnicode, DisableKnownFolderTracking","Removable storage media (Floppy, USB)",46194114,SANDISK USB,E:\5 курс\С09-361-1\Лек_описание этапов.docx,,,,E:\\5 курс\С09-361-1\Лек_описание этапов.docx,0x8F71CD60,,,,,,
C:\Users\Klim\AppData\Roaming\Microsoft\Windows\Recent\материал для лекции и практического занятия-20211002.zip.lnk,2021-10-02 19:38:58,2021-10-03 05:30:44,2021-10-03 16:43:18,2021-10-02 19:38:57,2021-10-02 19:38:57,2021-10-03 05:30:44,436176,,,FileAttributeArchive,"HasTargetIdList, HasLinkInfo, IsUnicode, DisableKnownFolderTracking",Fixed storage media (Hard drive),BAD5F9B0,,D:\Downloads\материал для лекции и практического занятия-20211002.zip,,,,My Computer\D:\Downloads\материал для лекции и практического занятия-20211002.zip,0x35FB3,0xA,desktop-91gu178,00:d8:61:2e:91:83,MICRO-STAR INTL,2021-10-02 08:14:08,"TrackerDataBaseBlock, PropertyStoreDataBlock"
C:\Users\Klim\AppData\Roaming\Microsoft\Windows\Recent\Методические рекомендации по применению приказа Роскомнадзор.rtf.lnk,2021-09-21 18:30:00,2021-09-21 18:30:00,2021-10-03 16:43:18,2021-09-21 18:29:47,2021-09-21 18:29:48,2021-09-21 18:30:00,161028,,D:\Downloads,FileAttributeArchive,"HasTargetIdList, HasLinkInfo, HasWorkingDir, IsUnicode, DisableKnownFolderTracking",Fixed storage media (Hard drive),BAD5F9B0,,D:\Downloads\Методические рекомендации по применению приказа Роскомнадзор.rtf,,,,My Computer\D:\Downloads\Методические рекомендации по применению приказа Роскомнадзор.rtf,0x3639F,0x5,desktop-91gu178,00:d8:61:2e:91:83,MICRO-STAR INTL,2021-09-19 07:29:31,"TrackerDataBaseBlock, PropertyStoreDataBlock"
C:\Users\Klim\AppData\Roaming\Microsoft\Windows\Recent\Новая папка (2).lnk,2021-09-29 05:23:07,2021-09-29 05:35:54,2021-10-03 16:43:18,2021-09-29 05:20:25,2021-09-29 05:35:53,2021-09-29 05:35:54,131072,,,FileAttributeDirectory,"HasTargetIdList, HasLinkInfo, IsUnicode, DisableKnownFolderTracking",Fixed storage media (Hard drive),BAD5F9B0,,D:\Univer\Old\2 курс\New folder\Новая папка,,,,My Computer\D:\Univer\Old\2 курс\New folder\Новая папка,0x670EF,0x8,desktop-91gu178,00:d8:61:2e:91:83,MICRO-STAR INTL,2021-09-27 16:37:00,"TrackerDataBaseBlock, PropertyStoreDataBlock"
C:\Users\Klim\AppData\Roaming\Microsoft\Windows\Recent\Новая папка.lnk,2021-09-27 16:46:43,2021-09-29 05:22:36,2021-10-03 16:43:18,2021-09-29 05:20:25,2021-09-29 05:22:36,2021-09-29 05:22:36,131072,,,FileAttributeDirectory,"HasTargetIdList, HasLinkInfo, IsUnicode, DisableKnownFolderTracking",Fixed storage media (Hard drive),BAD5F9B0,,D:\Univer\Old\2 курс\New folder\Новая папка,,,,My Computer\D:\Univer\Old\2 курс\New folder\Новая папка,0x670EF,0x8,desktop-91gu178,00:d8:61:2e:91:83,MICRO-STAR INTL,2021-09-27 16:37:00,"TrackerDataBaseBlock, PropertyStoreDataBlock"
C:\Users\Klim\AppData\Roaming\Microsoft\Windows\Recent\Отчет_Буров_Глухих.docx.lnk,2021-09-14 12:47:09,2021-10-02 05:59:30,2021-10-03 16:43:18,2021-09-04 06:44:24,2021-10-02 05:56:58,2021-10-02 05:56:58,312775,,E:\5 курс\С09-361-1,FileAttributeArchive,"HasTargetIdList, HasLinkInfo, HasWorkingDir, IsUnicode, DisableKnownFolderTracking","Removable storage media (Floppy, USB)",46194114,SANDISK USB,E:\5 курс\С09-361-1\Отчет_Буров_Глухих.docx,,,,E:\\5 курс\С09-361-1\Отчет_Буров_Глухих.docx,0x8F718540,,,,,,
C:\Users\Klim\AppData\Roaming\Microsoft\Windows\Recent\Постановление Правительства РФ от 18 сентября 2012 г N 940 Об утверждении Правил.rtf.lnk,2021-09-21 18:23:29,2021-09-21 18:23:42,2021-10-03 16:43:18,2021-09-21 18:23:15,2021-09-21 18:23:15,2021-09-21 18:23:30,14666,,D:\Downloads,FileAttributeArchive,"HasTargetIdList, HasLinkInfo, HasWorkingDir, IsUnicode, DisableKnownFolderTracking",Fixed storage media (Hard drive),BAD5F9B0,,D:\Downloads\Постановление Правительства РФ от 18 сентября 2012 г N 940 Об утверждении Правил.rtf,,,,My Computer\D:\Downloads\Постановление Правительства РФ от 18 сентября 2012 г N 940 Об утверждении Правил.rtf,0x36391,0x5,desktop-91gu178,00:d8:61:2e:91:83,MICRO-STAR INTL,2021-09-19 07:29:31,"TrackerDataBaseBlock, PropertyStoreDataBlock"
C:\Users\Klim\AppData\Roaming\Microsoft\Windows\Recent\Постановление Правительства РФ от 29.06.2021 N 1046  О федер.rtf.lnk,2021-09-21 18:24:44,2021-09-21 18:24:44,2021-10-03 16:43:18,2021-09-21 18:24:33,2021-09-21 18:24:34,2021-09-21 18:24:44,126112,,D:\Downloads,FileAttributeArchive,"HasTargetIdList, HasLinkInfo, HasWorkingDir, IsUnicode, DisableKnownFolderTracking",Fixed storage media (Hard drive),BAD5F9B0,,D:\Downloads\Постановление Правительства РФ от 29.06.2021 N 1046  О федер.rtf,,,,My Computer\D:\Downloads\Постановление Правительства РФ от 29.06.2021 N 1046  О федер.rtf,0x36393,0x5,desktop-91gu178,00:d8:61:2e:91:83,MICRO-STAR INTL,2021-09-19 07:29:31,"TrackerDataBaseBlock, PropertyStoreDataBlock"
C:\Users\Klim\AppData\Roaming\Microsoft\Windows\Recent\Приказ Роскомнадзора от 05.09.2013 N 996  Об утверждении тре.rtf.lnk,2021-09-21 18:25:28,2021-09-21 18:25:28,2021-10-03 16:43:18,2021-09-21 18:25:19,2021-09-21 18:25:19,2021-09-21 18:25:28,55838,,D:\Downloads,FileAttributeArchive,"HasTargetIdList, HasLinkInfo, HasWorkingDir, IsUnicode, DisableKnownFolderTracking",Fixed storage media (Hard drive),BAD5F9B0,,D:\Downloads\Приказ Роскомнадзора от 05.09.2013 N 996  Об утверждении тре.rtf,,,,My Computer\D:\Downloads\Приказ Роскомнадзора от 05.09.2013 N 996  Об утверждении тре.rtf,0x36395,0x5,desktop-91gu178,00:d8:61:2e:91:83,MICRO-STAR INTL,2021-09-19 07:29:31,"TrackerDataBaseBlock, PropertyStoreDataBlock"
C:\Users\Klim\AppData\Roaming\Microsoft\Windows\Recent\Приказ Роскомнадзора от 15.03.2013 N 274 (ред. от 14.01.2019.rtf.lnk,2021-09-21 18:26:12,2021-09-21 18:26:12,2021-10-03 16:43:18,2021-09-21 18:26:02,2021-09-21 18:26:02,2021-09-21 18:26:12,45647,,D:\Downloads,FileAttributeArchive,"HasTargetIdList, HasLinkInfo, HasWorkingDir, IsUnicode, DisableKnownFolderTracking",Fixed storage media (Hard drive),BAD5F9B0,,D:\Downloads\Приказ Роскомнадзора от 15.03.2013 N 274 (ред. от 14.01.2019.rtf,,,,My Computer\D:\Downloads\Приказ Роскомнадзора от 15.03.2013 N 274 (ред. от 14.01.2019.rtf,0x36397,0x5,desktop-91gu178,00:d8:61:2e:91:83,MICRO-STAR INTL,2021-09-19 07:29:31,"TrackerDataBaseBlock, PropertyStoreDataBlock"
C:\Users\Klim\AppData\Roaming\Microsoft\Windows\Recent\Приказ Роскомнадзора от 21.06.2021 N 106  Об утверждении Пра.rtf.lnk,2021-09-21 18:27:00,2021-09-21 18:27:00,2021-10-03 16:43:18,2021-09-21 18:26:43,2021-09-21 18:26:43,2021-09-21 18:27:00,43599,,D:\Downloads,FileAttributeArchive,"HasTargetIdList, HasLinkInfo, HasWorkingDir, IsUnicode, DisableKnownFolderTracking",Fixed storage media (Hard drive),BAD5F9B0,,D:\Downloads\Приказ Роскомнадзора от 21.06.2021 N 106  Об утверждении Пра.rtf,,,,My Computer\D:\Downloads\Приказ Роскомнадзора от 21.06.2021 N 106  Об утверждении Пра.rtf,0x36399,0x5,desktop-91gu178,00:d8:61:2e:91:83,MICRO-STAR INTL,2021-09-19 07:29:31,"TrackerDataBaseBlock, PropertyStoreDataBlock"
C:\Users\Klim\AppData\Roaming\Microsoft\Windows\Recent\Приказ Роскомнадзора от 24.02.2021 N 18  Об утверждении треб.rtf.lnk,2021-09-21 18:27:44,2021-09-21 18:27:44,2021-10-03 16:43:18,2021-09-21 18:27:34,2021-09-21 18:27:35,2021-09-21 18:27:44,39286,,D:\Downloads,FileAttributeArchive,"HasTargetIdList, HasLinkInfo, HasWorkingDir, IsUnicode, DisableKnownFolderTracking",Fixed storage media (Hard drive),BAD5F9B0,,D:\Downloads\Приказ Роскомнадзора от 24.02.2021 N 18  Об утверждении треб.rtf,,,,My Computer\D:\Downloads\Приказ Роскомнадзора от 24.02.2021 N 18  Об утверждении треб.rtf,0x3639B,0x5,desktop-91gu178,00:d8:61:2e:91:83,MICRO-STAR INTL,2021-09-19 07:29:31,"TrackerDataBaseBlock, PropertyStoreDataBlock"
C:\Users\Klim\AppData\Roaming\Microsoft\Windows\Recent\Приказ Роскомнадзора от 30.05.2017 N 94 (ред. от 30.10.2018).rtf.lnk,2021-09-21 18:28:28,2021-09-21 18:28:28,2021-10-03 16:43:18,2021-09-21 18:28:16,2021-09-21 18:28:16,2021-09-21 18:28:28,100278,,D:\Downloads,FileAttributeArchive,"HasTargetIdList, HasLinkInfo, HasWorkingDir, IsUnicode, DisableKnownFolderTracking",Fixed storage media (Hard drive),BAD5F9B0,,D:\Downloads\Приказ Роскомнадзора от 30.05.2017 N 94 (ред. от 30.10.2018).rtf,,,,My Computer\D:\Downloads\Приказ Роскомнадзора от 30.05.2017 N 94 (ред. от 30.10.2018).rtf,0x3639D,0x5,desktop-91gu178,00:d8:61:2e:91:83,MICRO-STAR INTL,2021-09-19 07:29:31,"TrackerDataBaseBlock, PropertyStoreDataBlock"
C:\Users\Klim\AppData\Roaming\Microsoft\Windows\Recent\Приказ ФАПСИ от 13 июня 2001 г N 152 Об утверждении Инструкции об организации и .rtf.lnk,2021-09-21 18:17:57,2021-09-21 18:19:03,2021-10-03 16:43:18,2021-09-21 18:17:53,2021-09-21 18:17:54,2021-09-21 18:17:57,162794,,D:\Downloads,FileAttributeArchive,"HasTargetIdList, HasLinkInfo, HasWorkingDir, IsUnicode, DisableKnownFolderTracking",Fixed storage media (Hard drive),BAD5F9B0,,D:\Downloads\Приказ ФАПСИ от 13 июня 2001 г N 152 Об утверждении Инструкции об организации и .rtf,,,,My Computer\D:\Downloads\Приказ ФАПСИ от 13 июня 2001 г N 152 Об утверждении Инструкции об организации и .rtf,0x36380,0x4,desktop-91gu178,00:d8:61:2e:91:83,MICRO-STAR INTL,2021-09-19 07:29:31,"TrackerDataBaseBlock, PropertyStoreDataBlock"
C:\Users\Klim\AppData\Roaming\Microsoft\Windows\Recent\Приказ ФСБ России от 10 июля 2014 г N 378 Об утверждении Состава и содержания ор.rtf.lnk,2021-09-21 18:20:03,2021-09-21 18:20:03,2021-10-03 16:43:18,2021-09-21 18:19:32,2021-09-21 18:19:33,2021-09-21 18:20:03,47184,,D:\Downloads,FileAttributeArchive,"HasTargetIdList, HasLinkInfo, HasWorkingDir, IsUnicode, DisableKnownFolderTracking",Fixed storage media (Hard drive),BAD5F9B0,,D:\Downloads\Приказ ФСБ России от 10 июля 2014 г N 378 Об утверждении Состава и содержания ор.rtf,,,,My Computer\D:\Downloads\Приказ ФСБ России от 10 июля 2014 г N 378 Об утверждении Состава и содержания ор.rtf,0x3638B,0x4,desktop-91gu178,00:d8:61:2e:91:83,MICRO-STAR INTL,2021-09-19 07:29:31,"TrackerDataBaseBlock, PropertyStoreDataBlock"
C:\Users\Klim\AppData\Roaming\Microsoft\Windows\Recent\С09-361-1.lnk,2021-09-14 12:47:09,2021-10-02 05:59:30,2021-10-03 16:43:18,2021-09-04 06:23:11,2021-09-04 05:17:34,2021-09-04 06:23:10,0,,,FileAttributeDirectory,"HasTargetIdList, HasLinkInfo, IsUnicode, DisableKnownFolderTracking","Removable storage media (Floppy, USB)",46194114,SANDISK USB,E:\5 курс\С09-361-1,,,,E:\\5 курс\С09-361-1,0x8F710000,,,,,,
C:\Users\Klim\AppData\Roaming\Microsoft\Windows\Recent\сданные задания и оценки-1.docx.lnk,2021-10-03 06:50:13,2021-10-03 06:50:13,2021-10-03 16:43:18,2021-10-03 06:50:11,2021-10-03 06:50:12,2021-10-03 06:50:13,22135,,D:\Downloads,FileAttributeArchive,"HasTargetIdList, HasLinkInfo, HasWorkingDir, IsUnicode, DisableKnownFolderTracking",Fixed storage media (Hard drive),BAD5F9B0,,D:\Downloads\сданные задания и оценки-1.docx,,,,My Computer\D:\Downloads\сданные задания и оценки-1.docx,0x67E10,0x6,desktop-91gu178,00:d8:61:2e:91:83,MICRO-STAR INTL,2021-10-02 08:14:08,"TrackerDataBaseBlock, PropertyStoreDataBlock"
C:\Users\Klim\AppData\Roaming\Microsoft\Windows\Recent\Федеральный закон от 27.07.2006 N 149-ФЗ (ред. от 02.07.2021.rtf.lnk,2021-09-21 18:22:36,2021-09-21 18:22:36,2021-10-03 16:43:18,2021-09-21 18:22:33,2021-09-21 18:22:33,2021-09-21 18:22:36,641574,,D:\Downloads,FileAttributeArchive,"HasTargetIdList, HasLinkInfo, HasWorkingDir, IsUnicode, DisableKnownFolderTracking",Fixed storage media (Hard drive),BAD5F9B0,,D:\Downloads\Федеральный закон от 27.07.2006 N 149-ФЗ (ред. от 02.07.2021.rtf,,,,My Computer\D:\Downloads\Федеральный закон от 27.07.2006 N 149-ФЗ (ред. от 02.07.2021.rtf,0x3638F,0x6,desktop-91gu178,00:d8:61:2e:91:83,MICRO-STAR INTL,2021-09-19 07:29:31,"TrackerDataBaseBlock, PropertyStoreDataBlock"
C:\Users\Klim\AppData\Roaming\Microsoft\Windows\Recent\Федеральный закон от 27.07.2006 N 152-ФЗ (ред. от 02.07.2021.rtf.lnk,2021-09-24 20:32:25,2021-09-24 20:39:12,2021-10-03 16:43:18,2021-09-24 20:32:22,2021-09-24 20:32:23,2021-09-24 20:32:45,221107,,D:\Downloads,FileAttributeArchive,"HasTargetIdList, HasLinkInfo, HasWorkingDir, IsUnicode, DisableKnownFolderTracking",Fixed storage media (Hard drive),BAD5F9B0,,D:\Downloads\Федеральный закон от 27.07.2006 N 152-ФЗ (ред. от 02.07.2021.rtf,,,,My Computer\D:\Downloads\Федеральный закон от 27.07.2006 N 152-ФЗ (ред. от 02.07.2021.rtf,0x37367,0x33,desktop-91gu178,00:d8:61:2e:91:83,MICRO-STAR INTL,2021-09-24 19:44:55,"TrackerDataBaseBlock, PropertyStoreDataBlock"
