BagPath,Slot,NodeSlot,MRUPosition,AbsolutePath,ShellType,Value,ChildBags,CreatedOn,ModifiedOn,AccessedOn,LastWriteTime,MFTEntry,MFTSequenceNumber,ExtensionBlockCount,FirstInteracted,LastInteracted,HasExplored,Miscellaneous
BagMRU,0,0,1,Desktop\Home Folder,Root folder: GUID,Home Folder,0,,,,2021-10-03 17:53:02,,,0,2021-05-25 13:07:31,,False,
BagMRU,1,0,0,Desktop\My Computer,Root folder: GUID,My Computer,7,,,,2021-10-03 17:53:02,,,0,,2021-10-03 17:53:02,False,
BagMRU,2,0,9,Desktop\Shared Documents Folder (Users Files),Root folder: GUID,Shared Documents Folder (Users Files),2,,,,2021-10-03 17:53:02,,,0,,,False,
BagMRU,3,0,4,Desktop\User Libraries,Root folder: GUID,User Libraries,0,,,,2021-10-03 17:53:02,,,0,2021-05-25 17:50:46,,False,
BagMRU,4,0,10,Desktop\Control Panel,Root folder: GUID,Control Panel,4,,,,2021-10-03 17:53:02,,,0,,,False,
BagMRU,5,0,2,Desktop\E:\,Users property view: Drive letter,E:\,4,,,,2021-10-03 17:53:02,,,0,,,False,
BagMRU,6,0,31,Desktop\Search Folder,Users property view,Search Folder,2,,,,2021-10-03 17:53:02,,,1,,,False,
BagMRU,7,0,32,Desktop\Search Folder,Users property view,Search Folder,0,,,,2021-10-03 17:53:02,,,2,2021-05-27 17:27:27,,False,
BagMRU,8,0,3,Desktop\Recycle bin,Root folder: GUID,Recycle bin,0,,,,2021-10-03 17:53:02,,,0,2021-06-11 16:41:52,,False,
BagMRU,9,0,19,Desktop\New folder,Directory,New folder,0,2021-06-12 20:15:26,2021-06-12 20:15:30,2021-06-12 20:15:30,2021-10-03 17:53:02,8034,27,1,2021-06-12 20:15:33,,False,NTFS file system
BagMRU,10,0,26,Desktop\Downloads,Directory,Downloads,0,2021-06-12 20:15:34,2021-06-12 20:15:36,2021-06-12 20:15:36,2021-10-03 17:53:02,109741,36,1,2021-06-12 20:15:59,,False,NTFS file system
BagMRU,11,0,30,Desktop\Search Folder,Users property view,Search Folder,0,,,,2021-10-03 17:53:02,,,1,2021-06-14 10:21:46,,False,
BagMRU,12,0,29,Desktop\Search Folder,Users property view,Search Folder,0,,,,2021-10-03 17:53:02,,,2,2021-06-14 10:21:51,,False,
BagMRU,13,0,28,Desktop\Search Folder,Users property view,Search Folder,0,,,,2021-10-03 17:53:02,,,1,2021-06-14 10:22:04,,False,
BagMRU,14,0,27,Desktop\Search Folder,Users property view,Search Folder,0,,,,2021-10-03 17:53:02,,,2,2021-06-14 10:22:16,,False,
BagMRU,15,0,8,Desktop\Search Folder,Users property view,Search Folder,1,,,,2021-10-03 17:53:02,,,1,,,False,
BagMRU,16,0,7,Desktop\Search Folder,Users property view,Search Folder,0,,,,2021-10-03 17:53:02,,,2,2021-06-14 10:52:11,,False,
BagMRU,17,0,24,Desktop\Search Folder,Users property view,Search Folder,0,,,,2021-10-03 17:53:02,,,1,2021-06-28 14:45:26,,False,
BagMRU,18,0,25,Desktop\Search Folder,Users property view,Search Folder,0,,,,2021-10-03 17:53:02,,,2,2021-06-28 14:45:30,,False,
BagMRU,19,0,23,Desktop\Search Folder,Users property view,Search Folder,0,,,,2021-10-03 17:53:02,,,1,2021-08-16 14:36:30,,False,
BagMRU,20,0,22,Desktop\Search Folder,Users property view,Search Folder,0,,,,2021-10-03 17:53:02,,,2,2021-08-16 14:38:58,,False,
BagMRU,21,0,21,Desktop\Search Folder,Users property view,Search Folder,0,,,,2021-10-03 17:53:02,,,1,2021-08-16 14:51:08,,False,
BagMRU,22,0,20,Desktop\Search Folder,Users property view,Search Folder,0,,,,2021-10-03 17:53:02,,,2,2021-08-16 14:51:27,,False,
BagMRU,23,0,17,Desktop\Search Folder,Users property view,Search Folder,0,,,,2021-10-03 17:53:02,,,1,2021-09-12 09:37:45,,False,
BagMRU,24,0,18,Desktop\Search Folder,Users property view,Search Folder,0,,,,2021-10-03 17:53:02,,,2,2021-09-12 09:45:13,,False,
BagMRU,25,0,16,Desktop\USB Logs,Directory,USB Logs,0,2021-09-14 16:53:12,2021-09-14 16:53:12,2021-09-14 16:53:12,2021-10-03 17:53:02,20156,13,1,2021-09-14 16:53:43,,False,NTFS file system
BagMRU,26,0,15,Desktop\Forensic,Directory,Forensic,0,2021-09-12 09:43:40,2021-09-12 13:31:32,2021-09-14 16:32:56,2021-10-03 17:53:02,14947,304,1,2021-09-14 17:07:28,,False,NTFS file system
BagMRU,27,0,14,Desktop\Search Folder,Users property view,Search Folder,0,,,,2021-10-03 17:53:02,,,1,2021-09-15 18:52:04,,False,
BagMRU,28,0,13,Desktop\Search Folder,Users property view,Search Folder,0,,,,2021-10-03 17:53:02,,,2,2021-09-15 18:52:07,,False,
BagMRU,29,0,11,Desktop\Search Folder,Users property view,Search Folder,0,,,,2021-10-03 17:53:02,,,1,2021-09-15 18:52:17,,False,
BagMRU,30,0,12,Desktop\Search Folder,Users property view,Search Folder,0,,,,2021-10-03 17:53:02,,,2,2021-09-15 18:52:19,,False,
BagMRU,31,0,6,Desktop\Search Folder,Users property view,Search Folder,0,,,,2021-10-03 17:53:02,,,1,2021-09-28 18:50:22,,False,
BagMRU,32,0,5,Desktop\Search Folder,Users property view,Search Folder,0,,,,2021-10-03 17:53:02,,,2,2021-09-28 18:50:24,,False,
BagMRU\1,0,3,0,Desktop\My Computer\D:,Drive letter,D:,27,,,,2021-10-03 16:58:19,,,0,,2021-10-03 16:58:19,True,
BagMRU\1,1,8,1,Desktop\My Computer\C:,Drive letter,C:,6,,,,2021-10-03 16:58:19,,,0,,,True,
BagMRU\1,2,18,6,Desktop\My Computer\Downloads,Root folder: GUID,Downloads,1,,,,2021-10-03 16:58:19,,,1,,,True,
BagMRU\1,3,21,2,Desktop\My Computer\Documents,Root folder: GUID,Documents,0,,,,2021-10-03 16:58:19,,,0,2021-05-25 13:55:56,,False,
BagMRU\1,4,54,4,Desktop\My Computer\E:,Drive letter,E:,4,,,,2021-10-03 16:58:19,,,0,,,True,
BagMRU\1,5,68,3,Desktop\My Computer\Desktop,Root folder: GUID,Desktop,1,,,,2021-10-03 16:58:19,,,1,,,True,
BagMRU\1,6,129,5,Desktop\My Computer\Videos,Root folder: GUID,Videos,0,,,,2021-10-03 16:58:19,,,0,2021-07-07 15:52:25,,True,
BagMRU\1\0,0,5,2,Desktop\My Computer\D:\source,Directory,source,1,2021-05-25 13:08:54,2021-05-25 13:08:54,2021-05-25 13:08:54,2021-10-03 17:45:30,44,3,1,,,True,NTFS file system
BagMRU\1\0,1,22,26,Desktop\My Computer\D:\Yandex,Directory,Yandex,0,2021-05-25 14:49:02,2021-05-25 14:49:02,2021-05-25 14:49:02,2021-10-03 17:45:30,25531,2,1,2021-05-25 14:58:11,,False,NTFS file system
BagMRU\1\0,2,23,1,Desktop\My Computer\D:\Trash,Directory,Trash,5,2021-05-25 14:58:16,2021-05-25 14:58:16,2021-05-25 14:58:16,2021-10-03 17:45:30,98957,5,1,,,True,NTFS file system
BagMRU\1\0,3,24,25,Desktop\My Computer\D:\SQL2019,Directory,SQL2019,0,2021-05-25 13:42:54,2021-05-25 13:50:06,2021-05-25 13:50:06,2021-10-03 17:45:30,67713,1,1,2021-05-25 17:40:45,,True,NTFS file system
BagMRU\1\0,4,38,4,Desktop\My Computer\D:\Downloads,Directory,Downloads,26,,,,2021-10-03 17:45:30,0,,1,,,True,
BagMRU\1\0,5,39,10,Desktop\My Computer\D:\SDR#,Directory,SDR#,0,2021-05-25 19:06:14,2021-05-25 19:06:14,2021-05-25 19:06:14,2021-10-03 17:45:30,85,7,1,2021-05-25 19:06:18,,True,NTFS file system
BagMRU\1\0,6,84,20,Desktop\My Computer\D:\Steam,Directory,Steam,1,,,,2021-10-03 17:45:30,0,,1,,,True,
BagMRU\1\0,7,69,21,Desktop\My Computer\D:\Notepad++,Directory,Notepad++,0,2021-05-25 14:50:50,2021-05-25 14:50:52,2021-06-03 14:10:58,2021-10-03 17:45:30,100665,4,1,2021-06-04 04:08:04,,True,NTFS file system
BagMRU\1\0,8,71,24,Desktop\My Computer\D:\Unity Projects,Directory,Unity Projects,0,2021-06-09 15:26:04,2021-06-09 15:26:04,2021-06-09 15:26:04,2021-10-03 17:45:30,201644,1,1,2021-06-09 15:28:16,,True,NTFS file system
BagMRU\1\0,9,94,23,Desktop\My Computer\D:\Android,Directory,Android,1,2021-05-25 13:47:16,2021-05-25 13:47:16,2021-06-14 10:08:02,2021-10-03 17:45:30,82068,2,1,,,True,NTFS file system
BagMRU\1\0,10,111,7,Desktop\My Computer\D:\Logs,Directory,Logs,1,2021-06-24 16:31:30,2021-06-24 16:31:30,2021-06-24 16:31:30,2021-10-03 17:45:30,208945,88,1,,,True,NTFS file system
BagMRU\1\0,11,115,6,Desktop\My Computer\D:\TCPView,Directory,TCPView,0,2021-06-24 16:49:38,2021-06-24 16:49:46,2021-06-24 16:49:46,2021-10-03 17:45:30,208964,26,1,2021-06-24 16:49:49,,True,NTFS file system
BagMRU\1\0,12,120,22,Desktop\My Computer\D:\Antimalware,Directory,Antimalware,0,2021-06-26 08:32:46,2021-06-26 08:32:46,2021-06-26 08:32:46,2021-10-03 17:45:30,208996,3,1,2021-06-26 08:33:11,,True,NTFS file system
BagMRU\1\0,13,128,19,Desktop\My Computer\D:\Escape from Tarkov,Directory,Escape from Tarkov,0,2021-07-07 08:43:10,2021-07-07 08:43:30,2021-07-07 08:43:30,2021-10-03 17:45:30,100909,52,1,2021-07-07 08:43:37,,False,NTFS file system
BagMRU\1\0,14,130,18,Desktop\My Computer\D:\Streams,Directory,Streams,0,2021-07-07 15:52:46,2021-07-07 15:52:46,2021-07-07 15:52:46,2021-10-03 17:45:30,234679,88,1,2021-07-07 15:52:51,,True,NTFS file system
BagMRU\1\0,15,163,15,Desktop\My Computer\D:\obs-studio,Directory,obs-studio,1,2021-07-07 08:49:24,2021-07-07 13:52:00,2021-07-31 07:57:26,2021-10-03 17:45:30,99640,16,1,,,True,NTFS file system
BagMRU\1\0,16,137,3,Desktop\My Computer\D:\Univer,Directory,Univer,4,2021-08-15 19:08:52,2021-08-15 19:09:00,2021-08-15 19:09:00,2021-10-03 17:45:30,221659,13,1,,,True,NTFS file system
BagMRU\1\0,17,159,17,Desktop\My Computer\D:\ninja,Directory,ninja,0,2021-08-16 14:06:04,2021-08-16 14:06:04,2021-08-16 14:06:04,2021-10-03 17:45:30,259599,2,1,2021-08-16 14:06:08,,True,NTFS file system
BagMRU\1\0,18,161,16,Desktop\My Computer\D:\NSIS,Directory,NSIS,0,2021-08-16 14:05:12,2021-08-16 14:05:12,2021-08-16 14:05:12,2021-10-03 17:45:30,259102,3,1,2021-08-16 14:07:18,,True,NTFS file system
BagMRU\1\0,19,164,11,Desktop\My Computer\D:\Qt,Directory,Qt,3,2021-08-16 14:14:06,2021-08-16 14:29:24,2021-08-16 14:29:24,2021-10-03 17:45:30,259603,5,1,,,True,NTFS file system
BagMRU\1\0,20,0,14,Desktop\My Computer\D:\Microsoft Visual Studio,Directory,Microsoft Visual Studio,1,2021-05-25 13:25:38,2021-05-25 13:25:38,2021-08-16 14:34:14,2021-10-03 17:45:30,135,1,1,,,False,NTFS file system
BagMRU\1\0,21,176,13,Desktop\My Computer\D:\Git,Directory,Git,0,2021-08-16 14:42:06,2021-08-16 14:42:22,2021-08-16 14:42:22,2021-10-03 17:45:30,408988,3,1,2021-08-16 14:42:30,,True,NTFS file system
BagMRU\1\0,22,179,12,Desktop\My Computer\D:\CMake,Directory,CMake,1,2021-08-16 13:59:14,2021-08-16 13:59:18,2021-08-16 13:59:20,2021-10-03 17:45:30,250841,2,1,,,True,NTFS file system
BagMRU\1\0,23,186,9,Desktop\My Computer\D:\SDRangel,Directory,SDRangel,0,2021-08-16 14:57:50,2021-08-16 14:58:02,2021-08-16 14:58:02,2021-10-03 17:45:30,410335,16,1,2021-08-16 15:12:34,,True,NTFS file system
BagMRU\1\0,24,203,8,Desktop\My Computer\D:\For VirtualBox,Directory,For VirtualBox,0,2021-09-07 16:29:52,2021-09-07 17:28:02,2021-09-07 17:28:02,2021-10-03 17:45:30,433532,3,1,2021-09-14 12:39:39,,True,NTFS file system
BagMRU\1\0,25,237,5,Desktop\My Computer\D:\Process Explorer,Directory,Process Explorer,0,2021-09-19 06:38:12,2021-09-19 06:38:22,2021-09-19 06:38:22,2021-10-03 17:45:30,226069,3,1,2021-09-19 06:38:23,,True,NTFS file system
BagMRU\1\0,26,351,0,Desktop\My Computer\D:\Tools,Directory,Tools,4,2021-10-02 06:16:06,2021-10-02 06:16:06,2021-10-02 06:16:06,2021-10-03 17:45:30,425449,4,1,,2021-10-03 17:45:30,True,NTFS file system
BagMRU\1\0\0,0,6,0,Desktop\My Computer\D:\source\repos,Directory,repos,4,2021-05-25 13:08:58,2021-05-25 13:08:58,2021-05-25 13:08:58,2021-05-25 13:09:01,45,1,1,,2021-05-25 13:09:01,True,NTFS file system
BagMRU\1\0\0\0,0,7,2,Desktop\My Computer\D:\source\repos\Betty,Directory,Betty,3,2021-05-25 13:09:16,2021-05-25 13:09:18,2021-05-25 13:09:18,2021-10-03 11:45:49,46,2,1,,,True,NTFS file system
BagMRU\1\0\0\0,1,139,3,Desktop\My Computer\D:\source\repos\pfsense,Directory,pfsense,2,2021-08-15 19:30:52,2021-08-15 19:31:36,2021-08-15 19:31:36,2021-10-03 11:45:49,242598,3,1,,,True,NTFS file system
BagMRU\1\0\0\0,2,200,0,Desktop\My Computer\D:\source\repos\usb_forensic,Directory,usb_forensic,5,2021-09-13 10:07:34,2021-09-13 10:07:34,2021-09-13 10:07:34,2021-10-03 11:45:49,434485,3,1,,2021-10-03 11:45:49,True,NTFS file system
BagMRU\1\0\0\0,3,242,1,Desktop\My Computer\D:\source\repos\InfoSec_Labs,Directory,InfoSec_Labs,3,2021-09-19 10:29:18,2021-09-19 10:29:26,2021-09-19 10:29:26,2021-10-03 11:45:49,212509,7,1,,,True,NTFS file system
BagMRU\1\0\0\0\0,0,14,1,Desktop\My Computer\D:\source\repos\Betty\BettyService,Directory,BettyService,1,2021-05-25 13:09:18,2021-05-25 13:09:18,2021-05-25 13:09:20,2021-05-30 14:59:27,89,1,1,,,True,NTFS file system
BagMRU\1\0\0\0\0,1,17,2,Desktop\My Computer\D:\source\repos\Betty\SQL,Directory,SQL,0,2021-05-25 13:09:18,2021-05-25 13:09:18,2021-05-25 13:09:20,2021-05-30 14:59:27,111,1,1,2021-05-25 13:34:11,,True,NTFS file system
BagMRU\1\0\0\0\0,2,31,0,Desktop\My Computer\D:\source\repos\Betty\DataInserter,Directory,DataInserter,1,2021-05-25 17:24:46,2021-05-25 17:24:54,2021-05-25 18:09:04,2021-05-30 14:59:27,100937,6,1,,2021-05-30 14:59:27,True,NTFS file system
BagMRU\1\0\0\0\0\0,0,40,0,Desktop\My Computer\D:\source\repos\Betty\BettyService\BettyService,Directory,BettyService,1,2021-05-25 13:09:18,2021-05-25 17:06:54,2021-05-25 18:11:30,2021-05-26 14:14:29,91,1,1,,2021-05-26 14:14:29,True,NTFS file system
BagMRU\1\0\0\0\0\0\0,0,41,0,Desktop\My Computer\D:\source\repos\Betty\BettyService\BettyService\bin,Directory,bin,1,2021-05-25 13:53:22,2021-05-25 13:53:22,2021-05-25 19:06:32,2021-05-26 14:14:29,98951,1,1,,2021-05-26 14:14:29,True,NTFS file system
BagMRU\1\0\0\0\0\0\0\0,0,42,0,Desktop\My Computer\D:\source\repos\Betty\BettyService\BettyService\bin\Debug,Directory,Debug,1,2021-05-25 13:53:22,2021-05-25 13:53:22,2021-05-25 19:06:32,2021-05-26 14:14:30,98952,1,1,,2021-05-26 14:14:30,True,NTFS file system
BagMRU\1\0\0\0\0\0\0\0\0,0,43,0,Desktop\My Computer\D:\source\repos\Betty\BettyService\BettyService\bin\Debug\netcoreapp3.1,Directory,netcoreapp3.1,0,2021-05-25 13:53:22,2021-05-25 14:49:48,2021-05-25 19:06:32,2021-05-26 14:14:30,98953,1,1,2021-05-26 14:14:30,2021-05-26 14:14:30,True,NTFS file system
BagMRU\1\0\0\0\0\2,0,32,0,Desktop\My Computer\D:\source\repos\Betty\DataInserter\DataInserter,Directory,DataInserter,2,2021-05-25 17:24:46,2021-05-25 18:24:02,2021-05-25 18:24:02,2021-05-25 18:24:08,100940,26,1,,2021-05-25 18:24:08,True,NTFS file system
BagMRU\1\0\0\0\0\2\0,0,33,1,Desktop\My Computer\D:\source\repos\Betty\DataInserter\DataInserter\Data,Directory,Data,0,2021-05-25 17:41:02,2021-05-25 17:48:02,2021-05-25 17:48:02,2021-05-25 18:25:14,101111,2,1,2021-05-25 18:24:09,,True,NTFS file system
BagMRU\1\0\0\0\0\2\0,1,34,0,Desktop\My Computer\D:\source\repos\Betty\DataInserter\DataInserter\bin,Directory,bin,1,2021-05-25 17:24:58,2021-05-25 17:24:58,2021-05-25 17:24:58,2021-05-25 18:25:14,100948,2,1,,2021-05-25 18:25:14,True,NTFS file system
BagMRU\1\0\0\0\0\2\0\1,0,35,0,Desktop\My Computer\D:\source\repos\Betty\DataInserter\DataInserter\bin\Debug,Directory,Debug,1,2021-05-25 17:24:58,2021-05-25 17:24:58,2021-05-25 17:24:58,2021-05-25 18:24:16,100949,2,1,,2021-05-25 18:24:16,True,NTFS file system
BagMRU\1\0\0\0\0\2\0\1\0,0,36,0,Desktop\My Computer\D:\source\repos\Betty\DataInserter\DataInserter\bin\Debug\netcoreapp3.1,Directory,netcoreapp3.1,0,2021-05-25 17:24:58,2021-05-25 17:28:28,2021-05-25 17:28:28,2021-05-25 18:24:16,100950,2,1,2021-05-25 18:24:16,2021-05-25 18:24:16,True,NTFS file system
BagMRU\1\0\0\0\1,0,140,1,Desktop\My Computer\D:\source\repos\pfsense\src,Directory,src,4,2021-08-15 19:31:36,2021-08-15 19:31:36,2021-08-15 19:31:38,2021-08-15 19:35:54,242660,2,1,,,True,NTFS file system
BagMRU\1\0\0\0\1,1,155,0,Desktop\My Computer\D:\source\repos\pfsense\build,Directory,build,2,2021-08-15 19:31:36,2021-08-15 19:31:36,2021-08-15 19:31:38,2021-08-15 19:35:54,242651,2,1,,2021-08-15 19:35:54,True,NTFS file system
BagMRU\1\0\0\0\1\0,0,141,3,Desktop\My Computer\D:\source\repos\pfsense\src\etc,Directory,etc,0,2021-08-15 19:31:36,2021-08-15 19:31:36,2021-08-15 19:31:38,2021-08-15 19:35:02,242666,2,1,2021-08-15 19:34:51,,True,NTFS file system
BagMRU\1\0\0\0\1\0,1,142,2,Desktop\My Computer\D:\source\repos\pfsense\src\cf,Directory,cf,1,2021-08-15 19:31:36,2021-08-15 19:31:36,2021-08-15 19:31:38,2021-08-15 19:35:02,242661,2,1,,,True,NTFS file system
BagMRU\1\0\0\0\1\0,2,144,1,Desktop\My Computer\D:\source\repos\pfsense\src\conf.default,Directory,conf.default,0,2021-08-15 19:31:36,2021-08-15 19:31:36,2021-08-15 19:31:38,2021-08-15 19:35:02,242664,2,1,2021-08-15 19:35:00,,True,NTFS file system
BagMRU\1\0\0\0\1\0,3,145,0,Desktop\My Computer\D:\source\repos\pfsense\src\usr,Directory,usr,2,2021-08-15 19:31:36,2021-08-15 19:31:36,2021-08-15 19:31:38,2021-08-15 19:35:02,242851,2,1,,2021-08-15 19:35:02,True,NTFS file system
BagMRU\1\0\0\0\1\0\1,0,143,0,Desktop\My Computer\D:\source\repos\pfsense\src\cf\conf,Directory,conf,0,2021-08-15 19:31:36,2021-08-15 19:31:36,2021-08-15 19:31:38,2021-08-15 19:34:57,242662,2,1,2021-08-15 19:34:57,2021-08-15 19:34:57,True,NTFS file system
BagMRU\1\0\0\0\1\0\3,0,146,0,Desktop\My Computer\D:\source\repos\pfsense\src\usr\local,Directory,local,3,2021-08-15 19:31:36,2021-08-15 19:31:36,2021-08-15 19:31:38,2021-08-15 19:35:11,242852,2,1,,2021-08-15 19:35:11,True,NTFS file system
BagMRU\1\0\0\0\1\0\3,1,147,1,Desktop\My Computer\D:\source\repos\pfsense\src\usr\share,Directory,share,1,2021-08-15 19:31:36,2021-08-15 19:31:36,2021-08-15 19:31:38,2021-08-15 19:35:11,243687,2,1,,,True,NTFS file system
BagMRU\1\0\0\0\1\0\3\0,0,150,2,Desktop\My Computer\D:\source\repos\pfsense\src\usr\local\bin,Directory,bin,0,2021-08-15 19:31:36,2021-08-15 19:31:36,2021-08-15 19:31:38,2021-08-15 19:35:29,242853,2,1,2021-08-15 19:35:13,,True,NTFS file system
BagMRU\1\0\0\0\1\0\3\0,1,151,1,Desktop\My Computer\D:\source\repos\pfsense\src\usr\local\pfSense,Directory,pfSense,1,2021-08-15 19:31:36,2021-08-15 19:31:36,2021-08-15 19:31:38,2021-08-15 19:35:29,242880,2,1,,,True,NTFS file system
BagMRU\1\0\0\0\1\0\3\0,2,154,0,Desktop\My Computer\D:\source\repos\pfsense\src\usr\local\sbin,Directory,sbin,0,2021-08-15 19:31:36,2021-08-15 19:31:36,2021-08-15 19:31:38,2021-08-15 19:35:29,242903,2,1,2021-08-15 19:35:29,2021-08-15 19:35:29,True,NTFS file system
BagMRU\1\0\0\0\1\0\3\0\1,0,152,0,Desktop\My Computer\D:\source\repos\pfsense\src\usr\local\pfSense\include,Directory,include,1,2021-08-15 19:31:36,2021-08-15 19:31:36,2021-08-15 19:31:38,2021-08-15 19:35:21,242881,2,1,,2021-08-15 19:35:21,True,NTFS file system
BagMRU\1\0\0\0\1\0\3\0\1\0,0,153,0,Desktop\My Computer\D:\source\repos\pfsense\src\usr\local\pfSense\include\www,Directory,www,0,2021-08-15 19:31:36,2021-08-15 19:31:36,2021-08-15 19:31:38,2021-08-15 19:35:22,242882,2,1,2021-08-15 19:35:22,2021-08-15 19:35:22,True,NTFS file system
BagMRU\1\0\0\0\1\0\3\1,0,148,0,Desktop\My Computer\D:\source\repos\pfsense\src\usr\share\doc,Directory,doc,1,2021-08-15 19:31:36,2021-08-15 19:31:36,2021-08-15 19:31:38,2021-08-15 19:35:07,243688,2,1,,2021-08-15 19:35:07,True,NTFS file system
BagMRU\1\0\0\0\1\0\3\1\0,0,149,0,Desktop\My Computer\D:\source\repos\pfsense\src\usr\share\doc\radius,Directory,radius,0,2021-08-15 19:31:36,2021-08-15 19:31:36,2021-08-15 19:31:38,2021-08-15 19:35:08,243689,2,1,2021-08-15 19:35:08,2021-08-15 19:35:08,True,NTFS file system
BagMRU\1\0\0\0\1\1,0,156,1,Desktop\My Computer\D:\source\repos\pfsense\build\scripts,Directory,scripts,0,2021-08-15 19:31:36,2021-08-15 19:31:36,2021-08-15 19:31:38,2021-08-15 19:35:59,242654,2,1,2021-08-15 19:35:56,,True,NTFS file system
BagMRU\1\0\0\0\1\1,1,157,0,Desktop\My Computer\D:\source\repos\pfsense\build\installer-extras,Directory,installer-extras,0,2021-08-15 19:31:36,2021-08-15 19:31:36,2021-08-15 19:31:38,2021-08-15 19:35:59,242652,2,1,2021-08-15 19:35:59,2021-08-15 19:35:59,True,NTFS file system
BagMRU\1\0\0\0\2,0,219,1,Desktop\My Computer\D:\source\repos\usb_forensic\Tools,Directory,Tools,5,2021-09-14 17:24:24,2021-09-14 17:24:36,2021-09-14 17:24:36,2021-10-03 16:58:21,435648,3,1,,,True,NTFS file system
BagMRU\1\0\0\0\2,1,235,3,Desktop\My Computer\D:\source\repos\usb_forensic\USB_Forensic,Directory,USB_Forensic,2,2021-09-18 09:32:26,2021-09-18 09:59:08,2021-09-18 09:59:08,2021-10-03 16:58:21,10072,4,1,,,True,NTFS file system
BagMRU\1\0\0\0\2,2,280,4,Desktop\My Computer\D:\source\repos\usb_forensic\USB Logs,Directory,USB Logs,0,2021-09-14 12:39:54,2021-09-14 12:39:54,2021-09-26 07:39:42,2021-10-03 16:58:21,435156,2,1,2021-09-26 08:10:18,,True,NTFS file system
BagMRU\1\0\0\0\2,3,358,2,Desktop\My Computer\D:\source\repos\usb_forensic\Sources,Directory,Sources,0,2021-10-02 08:13:00,2021-10-02 08:13:00,2021-10-02 08:13:00,2021-10-03 16:58:21,221102,8,1,2021-10-02 08:13:12,,True,NTFS file system
BagMRU\1\0\0\0\2,4,360,0,Desktop\My Computer\D:\source\repos\usb_forensic\Sources&IoCs,Directory,Sources&IoCs,5,2021-10-02 08:13:00,2021-10-02 08:14:14,2021-10-02 20:02:00,2021-10-03 16:58:21,221102,8,1,,2021-10-03 16:58:21,True,NTFS file system
BagMRU\1\0\0\0\2\0,0,220,0,Desktop\My Computer\D:\source\repos\usb_forensic\Tools\JumpListExplorer,Directory,JumpListExplorer,0,2021-09-14 17:24:22,2021-09-14 17:24:22,2021-09-14 17:24:30,2021-10-03 16:37:49,435595,3,1,2021-09-14 17:24:36,2021-10-03 16:37:49,True,NTFS file system
BagMRU\1\0\0\0\2\0,1,245,4,Desktop\My Computer\D:\source\repos\usb_forensic\Tools\USB storage forensics in Win10 #1 - Events_files,Directory,USB storage forensics in Win10 #1 - Events_files,0,2021-09-19 10:57:32,2021-09-19 10:57:32,2021-09-19 10:57:32,2021-10-03 16:37:49,221076,7,1,2021-09-20 17:02:35,,True,NTFS file system
BagMRU\1\0\0\0\2\0,2,328,1,Desktop\My Computer\D:\source\repos\usb_forensic\Tools\All,Directory,All,0,2021-09-28 18:52:02,2021-09-28 18:52:10,2021-09-28 18:52:10,2021-10-03 16:37:49,10133,23,1,2021-09-28 18:52:08,,True,NTFS file system
BagMRU\1\0\0\0\2\0,3,329,3,Desktop\My Computer\D:\source\repos\usb_forensic\Tools\RegistryExplorer_RECmd,Directory,RegistryExplorer_RECmd,1,2021-09-28 18:52:52,2021-09-28 18:52:52,2021-09-28 18:52:52,2021-10-03 16:37:49,221740,5,1,,,True,NTFS file system
BagMRU\1\0\0\0\2\0,4,348,2,Desktop\My Computer\D:\source\repos\usb_forensic\Tools\RegistryExplorer,Directory,RegistryExplorer,0,2021-10-01 15:55:16,2021-10-01 15:55:16,2021-10-01 15:55:16,2021-10-03 16:37:49,10077,6,1,2021-10-01 15:55:26,,True,NTFS file system
BagMRU\1\0\0\0\2\0\3,0,330,0,Desktop\My Computer\D:\source\repos\usb_forensic\Tools\RegistryExplorer_RECmd\RegistryExplorer,Directory,RegistryExplorer,1,2021-09-28 18:52:52,2021-09-28 18:53:00,2021-09-28 18:53:00,2021-09-28 18:53:07,221741,5,1,,2021-09-28 18:53:07,True,NTFS file system
BagMRU\1\0\0\0\2\0\3\0,0,346,0,Desktop\My Computer\D:\source\repos\usb_forensic\Tools\RegistryExplorer_RECmd\RegistryExplorer\BatchExamples,Directory,BatchExamples,0,2021-09-28 18:52:56,2021-09-28 18:52:56,2021-09-28 18:52:56,2021-10-01 15:53:16,221755,6,1,2021-10-01 15:53:16,2021-10-01 15:53:16,True,NTFS file system
BagMRU\1\0\0\0\2\1,0,238,1,Desktop\My Computer\D:\source\repos\usb_forensic\USB_Forensic\USB_Forensic_Core,Directory,USB_Forensic_Core,1,2021-09-18 09:59:08,2021-09-19 09:15:30,2021-09-19 09:15:30,2021-10-02 08:12:43,225834,5,1,,,True,NTFS file system
BagMRU\1\0\0\0\2\1,1,357,0,Desktop\My Computer\D:\source\repos\usb_forensic\USB_Forensic\USB_Forensic,Directory,USB_Forensic,0,2021-09-19 09:27:14,2021-09-26 17:18:22,2021-10-02 06:15:40,2021-10-02 08:12:43,209087,8,1,2021-10-02 08:12:43,2021-10-02 08:12:43,True,NTFS file system
BagMRU\1\0\0\0\2\1\0,0,239,0,Desktop\My Computer\D:\source\repos\usb_forensic\USB_Forensic\USB_Forensic_Core\bin,Directory,bin,1,2021-09-18 09:59:16,2021-09-18 09:59:16,2021-09-19 08:54:28,2021-09-19 09:20:24,222277,58,1,,2021-09-19 09:20:24,True,NTFS file system
BagMRU\1\0\0\0\2\1\0\0,0,240,0,Desktop\My Computer\D:\source\repos\usb_forensic\USB_Forensic\USB_Forensic_Core\bin\Debug,Directory,Debug,1,2021-09-18 09:59:16,2021-09-18 09:59:16,2021-09-19 08:54:28,2021-09-19 09:20:24,225846,5,1,,2021-09-19 09:20:24,True,NTFS file system
BagMRU\1\0\0\0\2\1\0\0\0,0,241,0,Desktop\My Computer\D:\source\repos\usb_forensic\USB_Forensic\USB_Forensic_Core\bin\Debug\net5.0,Directory,net5.0,0,2021-09-18 09:59:16,2021-09-19 09:14:02,2021-09-19 09:14:02,2021-09-19 09:20:25,225847,4,1,2021-09-19 09:20:25,2021-09-19 09:20:25,True,NTFS file system
BagMRU\1\0\0\0\2\4,0,361,0,Desktop\My Computer\D:\source\repos\usb_forensic\Sources&IoCs\IoCs,Directory,IoCs,0,2021-10-02 20:02:16,2021-10-02 20:02:16,2021-10-02 20:02:16,2021-10-03 17:38:49,221969,10,1,2021-10-02 20:02:24,2021-10-03 17:38:49,True,NTFS file system
BagMRU\1\0\0\0\2\4,1,364,4,Desktop\My Computer\D:\source\repos\usb_forensic\Sources&IoCs\LNKs,Directory,LNKs,0,2021-10-03 16:40:34,2021-10-03 16:40:34,2021-10-03 16:40:36,2021-10-03 17:38:49,425715,2,1,2021-10-03 16:40:48,,True,NTFS file system
BagMRU\1\0\0\0\2\4,2,365,2,Desktop\My Computer\D:\source\repos\usb_forensic\Sources&IoCs\Amcache,Directory,Amcache,0,2021-10-02 08:14:12,2021-10-02 08:14:18,2021-10-03 16:37:22,2021-10-03 17:38:49,221106,7,1,2021-10-03 16:41:04,,True,NTFS file system
BagMRU\1\0\0\0\2\4,3,366,3,Desktop\My Computer\D:\source\repos\usb_forensic\Sources&IoCs\SRUM,Directory,SRUM,0,2021-10-02 08:13:14,2021-10-02 08:13:46,2021-10-03 16:37:22,2021-10-03 17:38:49,221104,7,1,2021-10-03 16:46:57,,True,NTFS file system
BagMRU\1\0\0\0\2\4,4,367,1,Desktop\My Computer\D:\source\repos\usb_forensic\Sources&IoCs\JumpLists,Directory,JumpLists,0,2021-10-03 16:52:40,2021-10-03 16:52:40,2021-10-03 16:52:40,2021-10-03 17:38:49,425719,2,1,2021-10-03 16:53:02,,True,NTFS file system
BagMRU\1\0\0\0\3,0,269,0,Desktop\My Computer\D:\source\repos\InfoSec_Labs\PDn,Directory,PDn,1,2021-09-22 20:04:50,2021-09-22 20:05:00,2021-09-23 15:24:48,2021-10-03 08:06:55,221750,27,1,,2021-10-03 08:06:55,True,NTFS file system
BagMRU\1\0\0\0\3,1,270,1,Desktop\My Computer\D:\source\repos\InfoSec_Labs\Utilities,Directory,Utilities,1,2021-09-24 16:35:48,2021-09-24 16:35:48,2021-09-24 16:35:48,2021-10-03 08:06:55,221013,21,1,,,True,NTFS file system
BagMRU\1\0\0\0\3,2,276,2,Desktop\My Computer\D:\source\repos\InfoSec_Labs\REZAS,Directory,REZAS,1,2021-09-22 20:05:02,2021-09-22 20:05:06,2021-09-24 16:35:54,2021-10-03 08:06:55,221752,8,1,,,True,NTFS file system
BagMRU\1\0\0\0\3\0,0,277,0,Desktop\My Computer\D:\source\repos\InfoSec_Labs\PDn\NPAs,Directory,NPAs,2,2021-09-18 05:50:56,2021-09-21 18:32:50,2021-09-24 16:35:38,2021-09-24 16:54:48,9024,3,1,,2021-09-24 16:54:48,True,NTFS file system
BagMRU\1\0\0\0\3\0\0,0,278,0,Desktop\My Computer\D:\source\repos\InfoSec_Labs\PDn\NPAs\Texts,Directory,Texts,0,2021-09-21 16:33:48,2021-09-21 18:32:34,2021-09-24 16:39:54,2021-10-03 10:57:31,204552,7,1,2021-09-24 16:54:50,2021-10-03 10:57:31,True,NTFS file system
BagMRU\1\0\0\0\3\0\0,1,279,1,Desktop\My Computer\D:\source\repos\InfoSec_Labs\PDn\NPAs\PDFs,Directory,PDFs,0,2021-09-21 17:58:52,2021-09-21 18:32:50,2021-09-24 16:39:54,2021-10-03 10:57:31,222047,4,1,2021-09-24 17:17:27,,True,NTFS file system
BagMRU\1\0\0\0\3\1,0,271,0,Desktop\My Computer\D:\source\repos\InfoSec_Labs\Utilities\Helper,Directory,Helper,1,2021-09-24 16:38:00,2021-09-24 16:38:04,2021-09-24 16:38:04,2021-09-24 16:54:20,204587,42,1,,2021-09-24 16:54:20,True,NTFS file system
BagMRU\1\0\0\0\3\1\0,0,272,0,Desktop\My Computer\D:\source\repos\InfoSec_Labs\Utilities\Helper\Helper,Directory,Helper,1,2021-09-24 16:38:00,2021-09-24 16:39:18,2021-09-24 16:39:18,2021-09-24 16:54:21,222275,3,1,,2021-09-24 16:54:21,True,NTFS file system
BagMRU\1\0\0\0\3\1\0\0,0,273,0,Desktop\My Computer\D:\source\repos\InfoSec_Labs\Utilities\Helper\Helper\bin,Directory,bin,1,2021-09-24 16:38:06,2021-09-24 16:38:06,2021-09-24 16:38:06,2021-09-24 16:54:22,222284,2,1,,2021-09-24 16:54:22,True,NTFS file system
BagMRU\1\0\0\0\3\1\0\0\0,0,274,0,Desktop\My Computer\D:\source\repos\InfoSec_Labs\Utilities\Helper\Helper\bin\Debug,Directory,Debug,1,2021-09-24 16:38:06,2021-09-24 16:38:06,2021-09-24 16:38:06,2021-09-24 16:54:22,222285,2,1,,2021-09-24 16:54:22,True,NTFS file system
BagMRU\1\0\0\0\3\1\0\0\0\0,0,275,0,Desktop\My Computer\D:\source\repos\InfoSec_Labs\Utilities\Helper\Helper\bin\Debug\net5.0,Directory,net5.0,0,2021-09-24 16:38:06,2021-09-24 16:39:26,2021-09-24 16:39:26,2021-09-24 16:54:23,222286,2,1,2021-09-24 16:54:23,2021-09-24 16:54:23,True,NTFS file system
BagMRU\1\0\0\0\3\2,0,362,0,Desktop\My Computer\D:\source\repos\InfoSec_Labs\REZAS\Pics,Directory,Pics,0,2021-09-25 17:08:06,2021-09-25 17:08:06,2021-10-03 08:06:04,2021-10-03 08:06:36,226256,3,1,2021-10-03 08:06:36,2021-10-03 08:06:36,True,NTFS file system
BagMRU\1\0\10,0,112,0,Desktop\My Computer\D:\Logs\Firewall,Directory,Firewall,3,2021-06-24 16:31:34,2021-06-24 16:31:34,2021-06-24 16:31:34,2021-06-24 16:31:39,208958,51,1,,2021-06-24 16:31:39,True,NTFS file system
BagMRU\1\0\10\0,0,116,2,Desktop\My Computer\D:\Logs\Firewall\Domain Profile,Directory,Domain Profile,0,2021-06-26 06:46:18,2021-06-26 06:46:10,2021-06-26 06:46:18,2021-06-26 08:30:00,208983,16,1,2021-06-26 06:46:42,,False,NTFS file system
BagMRU\1\0\10\0,1,117,1,Desktop\My Computer\D:\Logs\Firewall\Private Profile,Directory,Private Profile,0,2021-06-26 06:46:18,2021-06-26 06:46:10,2021-06-26 06:46:18,2021-06-26 08:30:00,208986,9,1,2021-06-26 06:46:57,,True,NTFS file system
BagMRU\1\0\10\0,2,118,0,Desktop\My Computer\D:\Logs\Firewall\Public Profile,Directory,Public Profile,0,2021-06-26 06:46:10,2021-06-26 06:46:10,2021-06-26 06:46:10,2021-06-26 08:30:00,208965,38,1,2021-06-26 06:47:07,2021-06-26 08:30:00,False,NTFS file system
BagMRU\1\0\15,0,0,0,Desktop\My Computer\D:\obs-studio\bin,Directory,bin,1,2021-07-07 08:49:28,2021-07-07 08:49:28,2021-07-31 07:57:26,2021-08-16 14:30:04,102745,2,1,,2021-08-16 14:30:04,False,NTFS file system
BagMRU\1\0\15\0,0,135,0,Desktop\My Computer\D:\obs-studio\bin\64bit,Directory,64bit,0,2021-07-07 08:49:28,2021-07-07 13:52:00,2021-07-31 07:53:16,2021-07-31 08:24:17,102746,2,1,2021-07-31 08:24:17,2021-07-31 08:24:17,False,NTFS file system
BagMRU\1\0\16,0,138,3,Desktop\My Computer\D:\Univer\HTTPSniffer,Directory,HTTPSniffer,0,2021-08-15 19:09:00,2021-08-15 19:09:00,2021-08-15 19:09:00,2021-10-03 16:42:38,222874,4,1,2021-08-15 19:09:02,,True,NTFS file system
BagMRU\1\0\16,1,233,2,Desktop\My Computer\D:\Univer\5year,Directory,5year,1,2021-09-18 05:50:50,2021-09-18 05:50:50,2021-09-18 05:50:50,2021-10-03 16:42:38,9005,18,1,,,True,NTFS file system
BagMRU\1\0\16,2,247,1,Desktop\My Computer\D:\Univer\Syaktereva,Directory,Syaktereva,1,2021-09-20 18:18:46,2021-09-20 18:18:46,2021-09-20 18:18:46,2021-10-03 16:42:38,221098,6,1,,,True,NTFS file system
BagMRU\1\0\16,3,305,0,Desktop\My Computer\D:\Univer\Old,Directory,Old,1,2021-09-27 16:36:40,2021-09-27 16:44:58,2021-09-27 16:44:58,2021-10-03 16:42:38,209092,13,1,,2021-10-03 16:42:38,True,NTFS file system
BagMRU\1\0\16\1,0,234,0,Desktop\My Computer\D:\Univer\5year\NPAs,Directory,NPAs,2,2021-09-18 05:50:56,2021-09-18 05:50:56,2021-09-18 05:50:56,2021-09-18 05:51:01,9024,3,1,,2021-09-18 05:51:01,True,NTFS file system
BagMRU\1\0\16\1\0,0,264,1,Desktop\My Computer\D:\Univer\5year\NPAs\Texts,Directory,Texts,0,2021-09-21 16:33:48,2021-09-21 16:33:48,2021-09-21 16:33:48,2021-09-22 20:04:23,204552,7,1,2021-09-21 16:42:44,,True,NTFS file system
BagMRU\1\0\16\1\0,1,267,0,Desktop\My Computer\D:\Univer\5year\NPAs\PDFs,Directory,PDFs,0,2021-09-21 17:58:52,2021-09-21 18:04:38,2021-09-21 18:04:38,2021-09-22 20:04:23,222047,4,1,2021-09-21 18:04:48,2021-09-22 20:04:23,True,NTFS file system
BagMRU\1\0\16\2,0,257,0,Desktop\My Computer\D:\Univer\Syaktereva\6.11.5.zip,File,6.11.5.zip,1,2021-09-20 18:19:48,2021-09-08 09:08:10,2021-09-20 18:22:12,2021-09-20 18:22:47,221745,4,1,,2021-09-20 18:22:47,False,NTFS file system
BagMRU\1\0\16\2\0,0,258,0,Desktop\My Computer\D:\Univer\Syaktereva\6.11.5.zip\6.11.5,Zip file contents,6.11.5,1,,,,2021-09-20 18:22:48,,,0,,2021-09-20 18:22:48,True,
BagMRU\1\0\16\2\0\0,0,259,0,Desktop\My Computer\D:\Univer\Syaktereva\6.11.5.zip\6.11.5\TM/6.11.5/,Zip file contents,TM/6.11.5/,1,,,,2021-09-20 18:22:50,,,0,,2021-09-20 18:22:50,True,
BagMRU\1\0\16\2\0\0\0,0,260,0,Desktop\My Computer\D:\Univer\Syaktereva\6.11.5.zip\6.11.5\TM/6.11.5/\TME RHEL/6.11.5/TM/,Zip file contents,TME RHEL/6.11.5/TM/,1,,,,2021-09-20 18:22:51,,,0,,2021-09-20 18:22:51,True,
BagMRU\1\0\16\2\0\0\0\0,0,261,0,Desktop\My Computer\D:\Univer\Syaktereva\6.11.5.zip\6.11.5\TM/6.11.5/\TME RHEL/6.11.5/TM/\Installer/6.11.5/TM/TME RHEL/,Zip file contents,Installer/6.11.5/TM/TME RHEL/,0,,,,2021-09-20 18:22:53,,,0,2021-09-20 18:22:53,2021-09-20 18:22:53,True,
BagMRU\1\0\16\3,0,0,0,Desktop\My Computer\D:\Univer\Old\2 курс,Directory,2 курс,0,2021-09-27 16:44:54,2021-03-04 14:34:04,2021-09-27 16:44:54,,421345,2,1,,,False,NTFS file system
BagMRU\1\0\16\3\0,0,307,0,Desktop\My Computer\D:\Univer\Old\2 курс\New folder,Directory,New folder,1,2021-09-27 16:44:54,2021-09-27 16:44:54,2021-09-27 16:44:58,2021-09-27 16:46:16,421346,2,1,,2021-09-27 16:46:16,True,NTFS file system
BagMRU\1\0\16\3\0\0,0,0,0,Desktop\My Computer\D:\Univer\Old\2 курс\New folder\Новая папка,Directory,Новая папка,0,2021-09-27 16:46:24,2021-03-04 14:32:58,2021-09-27 16:46:32,,421851,2,1,,,False,NTFS file system
BagMRU\1\0\16\3\0\0\0,0,331,0,Desktop\My Computer\D:\Univer\Old\2 курс\New folder\Новая папка\.vikop,Directory,.vikop,0,2021-09-29 05:22:00,2021-09-29 05:22:08,2021-09-29 05:22:08,2021-10-03 16:42:39,425093,2,1,2021-09-29 05:22:10,2021-10-03 16:42:39,True,NTFS file system
BagMRU\1\0\16\3\0\0\0,1,332,1,Desktop\My Computer\D:\Univer\Old\2 курс\New folder\Новая папка\.turp,Directory,.turp,0,2021-09-29 05:22:36,2021-09-29 05:22:36,2021-09-29 05:22:36,2021-10-03 16:42:39,425096,2,1,2021-09-29 05:22:55,,True,NTFS file system
BagMRU\1\0\16\3\0\0\0,2,333,8,Desktop\My Computer\D:\Univer\Old\2 курс\New folder\Новая папка\.glaz,Directory,.glaz,0,2021-09-29 05:23:20,2021-09-29 05:23:20,2021-09-29 05:23:20,2021-10-03 16:42:39,425098,2,1,2021-09-29 05:23:59,,True,NTFS file system
BagMRU\1\0\16\3\0\0\0,3,334,7,Desktop\My Computer\D:\Univer\Old\2 курс\New folder\Новая папка\.katpet,Directory,.katpet,0,2021-09-29 05:26:42,2021-09-29 05:32:24,2021-09-29 05:32:24,2021-10-03 16:42:39,425101,2,1,2021-09-29 05:36:01,,True,NTFS file system
BagMRU\1\0\16\3\0\0\0,4,335,12,Desktop\My Computer\D:\Univer\Old\2 курс\New folder\Новая папка\.aripost,Directory,.aripost,0,2021-09-29 05:20:38,2021-09-29 05:31:14,2021-09-29 05:31:14,2021-10-03 16:42:39,425090,2,1,2021-09-29 05:36:34,,True,NTFS file system
BagMRU\1\0\16\3\0\0\0,5,336,11,Desktop\My Computer\D:\Univer\Old\2 курс\New folder\Новая папка\.diff,Directory,.diff,0,2021-09-29 05:23:32,2021-09-29 05:35:54,2021-09-29 05:35:54,2021-10-03 16:42:39,425099,2,1,2021-09-29 05:36:36,,True,NTFS file system
BagMRU\1\0\16\3\0\0\0,6,337,5,Desktop\My Computer\D:\Univer\Old\2 курс\New folder\Новая папка\.lipro,Directory,.lipro,0,2021-09-29 05:21:34,2021-09-29 05:29:48,2021-09-29 05:29:48,2021-10-03 16:42:39,425092,2,1,2021-09-29 05:38:46,,True,NTFS file system
BagMRU\1\0\16\3\0\0\0,7,338,4,Desktop\My Computer\D:\Univer\Old\2 курс\New folder\Новая папка\.poposh,Directory,.poposh,0,2021-09-29 05:22:16,2021-09-29 05:35:20,2021-09-29 05:35:20,2021-10-03 16:42:39,425095,2,1,2021-09-29 05:38:49,,True,NTFS file system
BagMRU\1\0\16\3\0\0\0,8,339,3,Desktop\My Computer\D:\Univer\Old\2 курс\New folder\Новая папка\.qdryav,Directory,.qdryav,0,2021-09-29 05:27:42,2021-09-29 05:35:18,2021-09-29 05:35:18,2021-10-03 16:42:39,425126,2,1,2021-09-29 05:38:55,,True,NTFS file system
BagMRU\1\0\16\3\0\0\0,9,340,9,Desktop\My Computer\D:\Univer\Old\2 курс\New folder\Новая папка\.emel,Directory,.emel,0,2021-09-29 05:24:10,2021-09-29 05:32:16,2021-09-29 05:32:16,2021-10-03 16:42:39,425100,2,1,2021-09-29 05:39:23,,True,NTFS file system
BagMRU\1\0\16\3\0\0\0,10,341,2,Desktop\My Computer\D:\Univer\Old\2 курс\New folder\Новая папка\.tanux,Directory,.tanux,0,2021-09-29 05:27:32,2021-09-29 05:31:08,2021-09-29 05:31:08,2021-10-03 16:42:39,425125,2,1,2021-09-29 05:39:37,,True,NTFS file system
BagMRU\1\0\16\3\0\0\0,11,342,10,Desktop\My Computer\D:\Univer\Old\2 курс\New folder\Новая папка\.eliraz,Directory,.eliraz,0,2021-09-29 05:23:06,2021-09-29 05:35:04,2021-09-29 05:35:04,2021-10-03 16:42:39,425097,5,1,2021-09-29 05:39:52,,True,NTFS file system
BagMRU\1\0\16\3\0\0\0,12,343,6,Desktop\My Computer\D:\Univer\Old\2 курс\New folder\Новая папка\.lepro,Directory,.lepro,0,2021-09-29 05:28:14,2021-09-29 05:36:00,2021-09-29 05:36:00,2021-10-03 16:42:39,425127,2,1,2021-09-29 05:41:09,,True,NTFS file system
BagMRU\1\0\19,0,165,0,Desktop\My Computer\D:\Qt\6.1.2,Directory,6.1.2,1,2021-08-16 14:28:06,2021-08-16 14:29:06,2021-08-16 14:29:06,2021-08-16 14:50:07,329925,1,1,,2021-08-16 14:50:07,True,NTFS file system
BagMRU\1\0\19,1,166,2,Desktop\My Computer\D:\Qt\Tools,Directory,Tools,3,2021-08-16 14:28:06,2021-08-16 14:29:24,2021-08-16 14:29:24,2021-08-16 14:50:07,329946,1,1,,,True,NTFS file system
BagMRU\1\0\19,2,181,1,Desktop\My Computer\D:\Qt\dist,Directory,dist,0,2021-08-16 14:27:54,2021-08-16 14:27:54,2021-08-16 14:30:14,2021-08-16 14:50:07,317130,1,1,2021-08-16 14:50:05,,True,NTFS file system
BagMRU\1\0\19\0,0,182,0,Desktop\My Computer\D:\Qt\6.1.2\mingw81_64,Directory,mingw81_64,1,2021-08-16 14:28:32,2021-08-16 14:28:42,2021-08-16 14:28:42,2021-08-16 14:50:10,348681,4,1,,2021-08-16 14:50:10,True,NTFS file system
BagMRU\1\0\19\0\0,0,0,0,Desktop\My Computer\D:\Qt\6.1.2\mingw81_64\lib,Directory,lib,1,2021-08-16 14:28:32,2021-08-16 14:28:42,2021-08-16 14:28:42,2021-08-16 14:52:10,348762,1,1,,2021-08-16 14:52:10,False,NTFS file system
BagMRU\1\0\19\0\0\0,0,0,0,Desktop\My Computer\D:\Qt\6.1.2\mingw81_64\lib\cmake,Directory,cmake,1,2021-08-16 14:28:32,2021-08-16 14:28:40,2021-08-16 14:28:40,2021-08-16 14:52:10,348763,1,1,,2021-08-16 14:52:10,False,NTFS file system
BagMRU\1\0\19\0\0\0\0,0,185,0,Desktop\My Computer\D:\Qt\6.1.2\mingw81_64\lib\cmake\Qt6,Directory,Qt6,0,2021-08-16 14:28:32,2021-08-16 14:28:40,2021-08-16 14:28:40,2021-08-16 14:52:10,348764,1,1,2021-08-16 14:52:10,2021-08-16 14:52:10,True,NTFS file system
BagMRU\1\0\19\1,0,167,2,Desktop\My Computer\D:\Qt\Tools\QtCreator,Directory,QtCreator,0,2021-08-16 14:28:06,2021-08-16 14:28:06,2021-08-16 14:28:06,2021-08-16 14:48:32,329947,1,1,2021-08-16 14:30:27,,True,NTFS file system
BagMRU\1\0\19\1,1,172,1,Desktop\My Computer\D:\Qt\Tools\mingw810_64,Directory,mingw810_64,1,2021-08-16 14:28:18,2021-08-16 14:28:26,2021-08-16 14:28:26,2021-08-16 14:48:32,334999,4,1,,,True,NTFS file system
BagMRU\1\0\19\1,2,177,0,Desktop\My Computer\D:\Qt\Tools\CMake_64,Directory,CMake_64,1,2021-08-16 14:29:18,2021-08-16 14:29:18,2021-08-16 14:29:18,2021-08-16 14:48:32,383912,1,1,,2021-08-16 14:48:32,True,NTFS file system
BagMRU\1\0\19\1\1,0,173,0,Desktop\My Computer\D:\Qt\Tools\mingw810_64\bin,Directory,bin,0,2021-08-16 14:28:18,2021-08-16 14:28:30,2021-08-16 14:28:30,2021-08-16 14:37:26,335001,2,1,2021-08-16 14:37:26,2021-08-16 14:37:26,True,NTFS file system
BagMRU\1\0\19\1\2,0,178,0,Desktop\My Computer\D:\Qt\Tools\CMake_64\bin,Directory,bin,0,2021-08-16 14:29:18,2021-08-16 14:29:22,2021-08-16 14:29:22,2021-08-16 14:48:33,383913,1,1,2021-08-16 14:48:33,2021-08-16 14:48:33,True,NTFS file system
BagMRU\1\0\2,0,25,4,Desktop\My Computer\D:\Trash\DataInserter,Directory,DataInserter,1,2021-05-25 17:24:46,2021-05-25 17:24:54,2021-05-25 17:24:54,2021-10-01 15:48:28,100937,6,1,,,True,NTFS file system
BagMRU\1\0\2,1,73,3,Desktop\My Computer\D:\Trash\adventureworks,Directory,adventureworks,0,2021-06-10 18:57:20,2021-06-10 18:57:20,2021-06-10 18:57:20,2021-10-01 15:48:28,220974,2,1,2021-06-10 18:57:24,,True,NTFS file system
BagMRU\1\0\2,2,75,1,Desktop\My Computer\D:\Trash\ForTesting,Directory,ForTesting,1,2021-06-11 17:24:58,2021-06-11 17:25:04,2021-06-12 08:24:52,2021-10-01 15:48:28,204532,2,1,,,True,NTFS file system
BagMRU\1\0\2,3,90,2,Desktop\My Computer\D:\Trash\MediaSaver,Directory,MediaSaver,0,2021-06-11 16:24:18,2021-06-11 17:01:04,2021-06-14 10:08:10,2021-10-01 15:48:28,7596,2,1,2021-06-14 10:10:27,,True,NTFS file system
BagMRU\1\0\2,4,345,0,Desktop\My Computer\D:\Trash\Copies,Directory,Copies,1,2021-10-01 15:42:34,2021-10-01 15:42:42,2021-10-01 15:42:42,2021-10-01 15:48:28,9196,19,1,,2021-10-01 15:48:28,True,NTFS file system
BagMRU\1\0\2\0,0,26,0,Desktop\My Computer\D:\Trash\DataInserter\DataInserter,Directory,DataInserter,1,2021-05-25 17:24:46,2021-05-25 17:34:40,2021-05-25 17:34:40,2021-05-25 17:40:54,100940,26,1,,2021-05-25 17:40:54,True,NTFS file system
BagMRU\1\0\2\0\0,0,27,0,Desktop\My Computer\D:\Trash\DataInserter\DataInserter\Data,Directory,Data,0,2021-05-25 17:41:02,2021-05-25 17:41:12,2021-05-25 17:41:12,2021-05-25 17:41:10,101111,2,1,2021-05-25 17:41:10,2021-05-25 17:41:10,True,NTFS file system
BagMRU\1\0\2\2,0,76,0,Desktop\My Computer\D:\Trash\ForTesting\ForTesting,Directory,ForTesting,0,2021-06-11 17:24:58,2021-06-11 17:25:06,2021-06-12 08:24:50,2021-06-12 08:27:54,204533,2,1,2021-06-12 08:27:54,2021-06-12 08:27:54,True,NTFS file system
BagMRU\1\0\2\4,0,350,0,Desktop\My Computer\D:\Trash\Copies\Texts,Directory,Texts,0,2021-10-01 16:03:44,2021-10-01 16:03:44,2021-10-01 16:03:44,2021-10-01 16:03:47,425222,2,1,2021-10-01 16:03:47,2021-10-01 16:03:47,True,NTFS file system
BagMRU\1\0\20,0,0,0,Desktop\My Computer\D:\Microsoft Visual Studio\2019,Directory,2019,1,2021-05-25 13:25:38,2021-05-25 13:25:38,2021-08-16 14:34:14,2021-08-16 14:38:58,136,1,1,,2021-08-16 14:38:58,False,NTFS file system
BagMRU\1\0\20\0,0,0,0,Desktop\My Computer\D:\Microsoft Visual Studio\2019\Community,Directory,Community,1,2021-05-25 13:25:38,2021-08-15 19:13:26,2021-08-16 14:34:14,2021-08-16 14:38:58,137,1,1,,2021-08-16 14:38:58,False,NTFS file system
BagMRU\1\0\20\0\0,0,0,0,Desktop\My Computer\D:\Microsoft Visual Studio\2019\Community\Common7,Directory,Common7,1,2021-05-25 13:25:40,2021-05-27 17:54:20,2021-08-16 14:34:14,2021-08-16 14:38:58,157,1,1,,2021-08-16 14:38:58,False,NTFS file system
BagMRU\1\0\20\0\0\0,0,0,0,Desktop\My Computer\D:\Microsoft Visual Studio\2019\Community\Common7\IDE,Directory,IDE,1,2021-05-25 13:25:40,2021-08-15 19:14:12,2021-08-16 14:34:14,2021-08-16 14:38:58,158,1,1,,2021-08-16 14:38:58,False,NTFS file system
BagMRU\1\0\20\0\0\0\0,0,0,0,Desktop\My Computer\D:\Microsoft Visual Studio\2019\Community\Common7\IDE\CommonExtensions,Directory,CommonExtensions,1,2021-05-25 13:25:40,2021-06-09 14:53:06,2021-08-16 14:37:22,2021-08-16 14:38:58,169,1,1,,2021-08-16 14:38:58,False,NTFS file system
BagMRU\1\0\20\0\0\0\0\0,0,0,0,Desktop\My Computer\D:\Microsoft Visual Studio\2019\Community\Common7\IDE\CommonExtensions\Microsoft,Directory,Microsoft,1,2021-05-25 13:25:40,2021-08-15 19:13:50,2021-08-16 14:34:16,2021-08-16 14:38:58,170,1,1,,2021-08-16 14:38:58,False,NTFS file system
BagMRU\1\0\20\0\0\0\0\0\0,0,0,0,Desktop\My Computer\D:\Microsoft Visual Studio\2019\Community\Common7\IDE\CommonExtensions\Microsoft\TeamFoundation,Directory,TeamFoundation,1,2021-05-25 13:26:20,2021-05-27 17:54:22,2021-08-16 14:34:16,2021-08-16 14:38:58,1910,1,1,,2021-08-16 14:38:58,False,NTFS file system
BagMRU\1\0\20\0\0\0\0\0\0\0,0,0,0,Desktop\My Computer\D:\Microsoft Visual Studio\2019\Community\Common7\IDE\CommonExtensions\Microsoft\TeamFoundation\Team Explorer,Directory,Team Explorer,1,2021-05-27 17:54:22,2021-05-27 17:54:24,2021-08-16 14:34:16,2021-08-16 14:38:58,1532,4,1,,2021-08-16 14:38:58,False,NTFS file system
BagMRU\1\0\20\0\0\0\0\0\0\0\0,0,0,0,Desktop\My Computer\D:\Microsoft Visual Studio\2019\Community\Common7\IDE\CommonExtensions\Microsoft\TeamFoundation\Team Explorer\Git,Directory,Git,1,2021-05-27 17:54:22,2021-05-27 17:54:22,2021-08-16 14:37:22,2021-08-16 14:38:58,2152,2,1,,2021-08-16 14:38:58,False,NTFS file system
BagMRU\1\0\20\0\0\0\0\0\0\0\0\0,0,175,0,Desktop\My Computer\D:\Microsoft Visual Studio\2019\Community\Common7\IDE\CommonExtensions\Microsoft\TeamFoundation\Team Explorer\Git\cmd,Directory,cmd,0,2021-05-27 17:54:22,2021-05-27 17:54:22,2021-08-16 14:37:22,2021-08-16 14:38:58,2153,2,1,2021-08-16 14:38:58,2021-08-16 14:38:58,True,NTFS file system
BagMRU\1\0\22,0,180,0,Desktop\My Computer\D:\CMake\bin,Directory,bin,0,2021-08-16 13:59:14,2021-08-16 13:59:16,2021-08-16 13:59:20,2021-08-16 14:49:16,250842,2,1,2021-08-16 14:49:16,2021-08-16 14:49:16,True,NTFS file system
BagMRU\1\0\26,0,352,0,Desktop\My Computer\D:\Tools\All,Directory,All,1,2021-10-02 06:16:10,2021-10-02 06:16:16,2021-10-02 06:16:18,2021-10-03 16:37:43,425451,2,1,,2021-10-03 16:37:43,True,NTFS file system
BagMRU\1\0\26,1,353,2,Desktop\My Computer\D:\Tools\AppCompatCacheParser,Directory,AppCompatCacheParser,0,2021-10-02 06:17:06,2021-10-02 06:17:06,2021-10-02 06:17:06,2021-10-03 16:37:43,10133,26,1,2021-10-02 06:17:10,,True,NTFS file system
BagMRU\1\0\26,2,354,1,Desktop\My Computer\D:\Tools\AmcacheParser,Directory,AmcacheParser,0,2021-10-02 06:35:22,2021-10-02 06:35:22,2021-10-02 06:35:22,2021-10-03 16:37:43,81540,5,1,2021-10-02 06:35:23,,True,NTFS file system
BagMRU\1\0\26,3,356,3,Desktop\My Computer\D:\Tools\SrumECmd,Directory,SrumECmd,0,2021-10-02 08:00:24,2021-10-02 08:04:26,2021-10-02 08:04:26,2021-10-03 16:37:43,204570,9,1,2021-10-02 08:04:34,,True,NTFS file system
BagMRU\1\0\26\0,0,368,0,Desktop\My Computer\D:\Tools\All\ShellBagsExplorer.zip,File,ShellBagsExplorer.zip,1,2021-10-02 06:16:14,2021-09-28 18:52:08,2021-10-02 06:16:14,2021-10-03 17:53:00,425471,2,1,,2021-10-03 17:53:00,False,NTFS file system
BagMRU\1\0\26\0\0,0,369,0,Desktop\My Computer\D:\Tools\All\ShellBagsExplorer.zip\ShellBagsExplorer,Zip file contents,ShellBagsExplorer,0,,,,2021-10-03 17:53:02,,,0,2021-10-03 17:53:02,2021-10-03 17:53:02,True,
BagMRU\1\0\4,0,37,25,Desktop\My Computer\D:\Downloads\sdrsharp-x86.zip,File,sdrsharp-x86.zip,0,2021-05-25 19:04:50,2021-05-25 19:05:00,2021-05-25 19:05:00,2021-10-02 19:47:31,0,,1,2021-05-25 19:06:06,,False,
BagMRU\1\0\4,1,72,24,Desktop\My Computer\D:\Downloads\AdventureWorks-oltp-install-script.zip,File,AdventureWorks-oltp-install-script.zip,0,2021-06-10 18:56:54,2021-06-10 18:56:58,2021-06-10 18:56:58,2021-10-02 19:47:31,0,,1,2021-06-10 18:57:14,,False,
BagMRU\1\0\4,2,78,23,Desktop\My Computer\D:\Downloads\gfwlivesetup.zip,File,gfwlivesetup.zip,0,2021-06-12 20:15:04,2021-06-12 20:15:18,2021-06-12 20:15:18,2021-10-02 19:47:31,0,,1,2021-06-12 20:15:32,,False,
BagMRU\1\0\4,3,81,21,Desktop\My Computer\D:\Downloads\New folder (3),Directory,New folder (3),1,2021-06-12 20:23:10,2021-06-12 20:23:10,2021-06-12 20:23:10,2021-10-02 19:47:31,205404,2,1,,,True,NTFS file system
BagMRU\1\0\4,4,82,20,Desktop\My Computer\D:\Downloads\New folder (2),Directory,New folder (2),0,2021-06-12 20:23:06,2021-06-12 20:23:08,2021-06-12 20:23:08,2021-10-02 19:47:31,205403,2,1,2021-06-12 20:23:22,,True,NTFS file system
BagMRU\1\0\4,5,83,9,Desktop\My Computer\D:\Downloads\New folder,Directory,New folder,0,2021-06-12 20:22:56,2021-06-12 20:23:04,2021-06-12 20:23:04,2021-10-02 19:47:31,205402,2,1,2021-06-12 20:23:25,,True,NTFS file system
BagMRU\1\0\4,6,89,22,Desktop\My Computer\D:\Downloads\New folder (4),Directory,New folder (4),0,2021-06-12 20:28:38,2021-06-12 20:28:38,2021-06-12 20:28:38,2021-10-02 19:47:31,207450,2,1,2021-06-12 20:28:40,,True,NTFS file system
BagMRU\1\0\4,7,105,8,Desktop\My Computer\D:\Downloads\Huawei,Directory,Huawei,0,2021-06-14 10:44:10,2021-06-14 10:44:10,2021-06-14 10:44:10,2021-10-02 19:47:31,208095,2,1,2021-06-14 10:44:25,,True,NTFS file system
BagMRU\1\0\4,8,0,7,Desktop\My Computer\D:\Downloads\Стипа,Directory,Стипа,0,2021-06-14 10:43:42,2021-06-14 10:44:06,2021-06-14 10:44:06,,204893,31,1,,,False,NTFS file system
BagMRU\1\0\4,9,114,19,Desktop\My Computer\D:\Downloads\TCPView.zip,File,TCPView.zip,0,2021-06-24 16:49:22,2021-06-24 16:49:22,2021-06-24 16:49:22,2021-10-02 19:47:31,0,,1,2021-06-24 16:49:47,,False,
BagMRU\1\0\4,10,134,18,Desktop\My Computer\D:\Downloads\19-07-2021_13-43-21.zip,File,19-07-2021_13-43-21.zip,0,2021-07-19 10:43:32,2021-07-19 10:43:32,2021-07-19 10:43:34,2021-10-02 19:47:31,226826,7,1,2021-07-19 11:02:29,,False,NTFS file system
BagMRU\1\0\4,11,136,17,Desktop\My Computer\D:\Downloads\HTTPSniffer.zip,File,HTTPSniffer.zip,0,2021-08-15 19:07:26,2021-08-15 19:07:28,2021-08-15 19:07:28,2021-10-02 19:47:31,0,,1,2021-08-15 19:09:00,,False,
BagMRU\1\0\4,12,158,16,Desktop\My Computer\D:\Downloads\ninja-win.zip,File,ninja-win.zip,0,2021-08-16 14:00:52,2021-08-16 14:00:52,2021-08-16 14:00:52,2021-10-02 19:47:31,0,,1,2021-08-16 14:01:12,,False,
BagMRU\1\0\4,13,162,15,Desktop\My Computer\D:\Downloads\boost_1_77_0.zip,File,boost_1_77_0.zip,0,2021-08-16 14:08:20,2021-08-16 14:13:00,2021-08-16 14:14:38,2021-10-02 19:47:31,259601,3,1,2021-08-16 14:29:58,,False,NTFS file system
BagMRU\1\0\4,14,168,14,Desktop\My Computer\D:\Downloads\boost_1_77_0,Directory,boost_1_77_0,0,2021-08-16 14:16:42,2021-08-16 14:32:14,2021-08-16 14:32:14,2021-10-02 19:47:31,259604,2,1,2021-08-16 14:32:58,,True,NTFS file system
BagMRU\1\0\4,15,199,12,Desktop\My Computer\D:\Downloads\All.zip,File,All.zip,0,2021-09-12 10:48:04,2021-09-12 10:52:40,2021-09-12 10:52:40,2021-10-02 19:47:31,434360,2,1,2021-09-12 14:47:21,,False,NTFS file system
BagMRU\1\0\4,16,201,13,Desktop\My Computer\D:\Downloads\Forensic.zip,File,Forensic.zip,1,2021-09-14 12:39:16,2021-09-14 12:39:16,2021-09-14 12:39:16,2021-10-02 19:47:31,435154,9,1,,,False,NTFS file system
BagMRU\1\0\4,17,236,11,Desktop\My Computer\D:\Downloads\ProcessExplorer.zip,File,ProcessExplorer.zip,0,2021-09-19 06:38:04,2021-09-19 06:38:06,2021-09-19 06:38:06,2021-10-02 19:47:31,0,,1,2021-09-19 06:38:22,,False,
BagMRU\1\0\4,18,0,10,Desktop\My Computer\D:\Downloads\[sharewood.biz] [EXELAB] Видеокурс ВЗЛОМ 2019.zip,Directory,[sharewood.biz] [EXELAB] Видеокурс ВЗЛОМ 2019.zip,0,2021-09-20 18:17:34,2021-09-20 18:43:10,2021-09-20 18:43:10,,221090,12,1,,,False,NTFS file system
BagMRU\1\0\4,19,266,6,Desktop\My Computer\D:\Downloads\pdftotext.zip,File,pdftotext.zip,0,2021-09-21 17:46:54,2021-09-21 17:46:56,2021-09-21 17:46:56,2021-10-02 19:47:31,0,,1,2021-09-21 17:47:05,,False,
BagMRU\1\0\4,20,268,5,Desktop\My Computer\D:\Downloads\Converted_documents.zip,File,Converted_documents.zip,0,2021-09-21 18:13:06,2021-09-21 18:13:06,2021-09-21 18:13:06,2021-10-02 19:47:31,0,,1,2021-09-21 18:14:59,,False,
BagMRU\1\0\4,21,281,4,Desktop\My Computer\D:\Downloads\15-00 26.09.21 ekat.zip,File,15-00 26.09.21 ekat.zip,1,2021-09-26 13:27:26,2021-09-26 13:27:42,2021-09-26 13:27:42,2021-10-02 19:47:31,0,,1,,,False,
BagMRU\1\0\4,22,283,3,Desktop\My Computer\D:\Downloads\15-00 26.09.21 ekat,Directory,15-00 26.09.21 ekat,1,2021-09-26 13:28:04,2021-09-26 13:28:04,2021-09-26 13:28:04,2021-10-02 19:47:31,228866,5,1,,,True,NTFS file system
BagMRU\1\0\4,23,326,2,Desktop\My Computer\D:\Downloads\Old,Directory,Old,1,2021-09-21 17:29:38,2021-09-21 17:29:44,2021-09-24 17:24:26,2021-10-02 19:47:31,221996,4,1,,,True,NTFS file system
BagMRU\1\0\4,24,347,1,Desktop\My Computer\D:\Downloads\RegistryExplorer_RECmd.zip,File,RegistryExplorer_RECmd.zip,0,2021-10-01 15:54:16,2021-10-01 15:54:56,2021-10-01 15:54:56,2021-10-02 19:47:31,0,,1,2021-10-01 15:55:25,,False,
BagMRU\1\0\4,25,0,0,Desktop\My Computer\D:\Downloads\материал для лекции и практического занятия-20211002.zip,Directory,материал для лекции и практического занятия-20211002.zip,0,2021-10-02 19:38:58,2021-10-02 19:38:58,2021-10-02 19:38:58,,0,,1,,,False,
BagMRU\1\0\4\16,0,202,0,Desktop\My Computer\D:\Downloads\Forensic.zip\Forensic,Zip file contents,Forensic,0,,,,2021-09-14 12:39:37,,,0,2021-09-14 12:39:37,2021-09-14 12:39:37,True,
BagMRU\1\0\4\18,0,263,0,Desktop\My Computer\D:\Downloads\[sharewood.biz] [EXELAB] Видеокурс ВЗЛОМ 2019.zip\[sharewood.biz] [EXELAB] Видеокурс ВЗЛОМ 2019,Zip file contents,[sharewood.biz] [EXELAB] Видеокурс ВЗЛОМ 2019,0,,,,2021-09-20 18:46:02,,,0,2021-09-20 18:46:02,2021-09-20 18:46:02,True,
BagMRU\1\0\4\21,0,282,0,Desktop\My Computer\D:\Downloads\15-00 26.09.21 ekat.zip\15-00 26.09.21 ekat,Zip file contents,15-00 26.09.21 ekat,0,,,,2021-09-26 13:27:53,,,0,2021-09-26 13:27:53,2021-09-26 13:27:53,True,
BagMRU\1\0\4\22,0,284,0,Desktop\My Computer\D:\Downloads\15-00 26.09.21 ekat\15-00 26.09.21 ekat,Directory,15-00 26.09.21 ekat,0,2021-09-26 13:28:04,2021-09-26 13:28:06,2021-09-26 13:28:06,2021-09-26 13:28:10,228868,3,1,2021-09-26 13:28:10,2021-09-26 13:28:10,True,NTFS file system
BagMRU\1\0\4\23,0,327,0,Desktop\My Computer\D:\Downloads\Old\All.zip,File,All.zip,0,2021-09-12 10:48:04,2021-09-12 10:52:40,2021-09-19 07:06:04,2021-09-28 18:51:45,434360,2,1,2021-09-28 18:51:45,2021-09-28 18:51:45,False,NTFS file system
BagMRU\1\0\4\3,0,88,0,Desktop\My Computer\D:\Downloads\New folder (3)\Fallout3 GOTY_Rus_text,Directory,Fallout3 GOTY_Rus_text,0,2021-06-12 20:24:48,2017-01-29 08:40:32,2021-06-12 20:24:48,2021-06-12 20:24:50,205420,2,1,2021-06-12 20:24:50,2021-06-12 20:24:50,True,NTFS file system
BagMRU\1\0\4\8,0,107,0,Desktop\My Computer\D:\Downloads\Стипа\Print,Directory,Print,0,2021-06-14 10:47:36,2021-06-14 10:47:42,2021-06-14 10:47:42,2021-06-14 10:47:43,208082,9,1,2021-06-14 10:47:43,2021-06-14 10:47:43,True,NTFS file system
BagMRU\1\0\6,0,85,0,Desktop\My Computer\D:\Steam\steamapps,Directory,steamapps,1,,,,2021-06-12 20:23:59,0,,1,,2021-06-12 20:23:59,True,
BagMRU\1\0\6\0,0,86,0,Desktop\My Computer\D:\Steam\steamapps\common,Directory,common,3,,,,2021-06-12 20:24:01,0,,1,,2021-06-12 20:24:01,True,
BagMRU\1\0\6\0\0,0,64,2,Desktop\My Computer\D:\Steam\steamapps\common\wallpaper_engine,Directory,wallpaper_engine,0,2021-05-25 14:04:22,2021-05-25 19:02:46,2021-05-28 13:42:40,2021-07-01 16:28:36,0,,1,2021-05-28 13:44:58,,True,
BagMRU\1\0\6\0\0,1,87,1,Desktop\My Computer\D:\Steam\steamapps\common\Fallout 3 goty,Directory,Fallout 3 goty,0,2021-06-12 19:49:18,2021-06-12 20:18:06,2021-06-12 20:18:06,2021-07-01 16:28:36,204958,5,1,2021-06-12 20:24:04,,True,NTFS file system
BagMRU\1\0\6\0\0,2,124,0,Desktop\My Computer\D:\Steam\steamapps\common\STALKER Shadow of Chernobyl,Directory,STALKER Shadow of Chernobyl,3,2021-06-30 14:39:08,2021-07-01 16:06:48,2021-07-01 16:06:48,2021-07-01 16:28:36,222914,3,1,,2021-07-01 16:28:36,True,NTFS file system
BagMRU\1\0\6\0\0\2,0,125,0,Desktop\My Computer\D:\Steam\steamapps\common\STALKER Shadow of Chernobyl\bin,Directory,bin,0,2021-06-30 15:27:26,2021-06-30 15:27:26,2021-07-01 16:05:22,2021-07-01 16:29:58,223025,2,1,2021-07-01 16:28:40,2021-07-01 16:29:58,True,NTFS file system
BagMRU\1\0\6\0\0\2,1,126,2,Desktop\My Computer\D:\Steam\steamapps\common\STALKER Shadow of Chernobyl\mods,Directory,mods,0,2021-06-30 15:27:26,2021-06-30 15:27:26,2021-07-01 16:05:26,2021-07-01 16:29:58,223026,2,1,2021-07-01 16:29:49,,True,NTFS file system
BagMRU\1\0\6\0\0\2,2,127,1,Desktop\My Computer\D:\Steam\steamapps\common\STALKER Shadow of Chernobyl\_appdata_,Directory,_appdata_,0,2021-06-30 14:39:12,2021-07-01 16:05:26,2021-07-01 16:06:10,2021-07-01 16:29:58,222924,2,1,2021-07-01 16:29:54,,True,NTFS file system
BagMRU\1\0\9,0,95,0,Desktop\My Computer\D:\Android\android-sdk,Directory,android-sdk,1,2021-05-25 13:47:16,2021-06-11 16:36:40,2021-06-14 10:08:02,2021-06-14 10:21:32,82071,1,1,,2021-06-14 10:21:32,True,NTFS file system
BagMRU\1\0\9\0,0,96,0,Desktop\My Computer\D:\Android\android-sdk\cmdline-tools,Directory,cmdline-tools,1,2021-06-11 16:28:38,2021-06-11 16:28:38,2021-06-14 10:15:22,2021-06-14 10:21:34,8914,2,1,,2021-06-14 10:21:34,True,NTFS file system
BagMRU\1\0\9\0\0,0,97,0,Desktop\My Computer\D:\Android\android-sdk\cmdline-tools\2.1,Directory,2.1,1,2021-06-11 16:28:38,2021-06-11 16:28:38,2021-06-11 16:36:36,2021-06-14 10:21:35,8916,2,1,,2021-06-14 10:21:35,True,NTFS file system
BagMRU\1\0\9\0\0\0,0,98,0,Desktop\My Computer\D:\Android\android-sdk\cmdline-tools\2.1\bin,Directory,bin,0,2021-06-11 16:28:38,2021-06-11 16:28:38,2021-06-11 16:36:36,2021-06-14 10:21:37,8923,2,1,2021-06-14 10:21:37,2021-06-14 10:21:37,True,NTFS file system
BagMRU\1\1,0,9,5,Desktop\My Computer\C:\Windows.old,Directory,Windows.old,0,2021-05-25 06:54:08,2021-05-25 09:35:20,2021-05-25 09:35:20,2021-10-03 15:55:49,527574,26,1,2021-05-25 13:11:22,,True,NTFS file system
BagMRU\1\1,1,10,4,Desktop\My Computer\C:\Program Files (x86),Directory,Program Files (x86),0,2021-05-25 06:49:58,2021-05-25 11:09:52,2021-05-25 13:04:34,2021-10-03 15:55:49,406294,25,1,2021-05-25 13:11:27,,True,NTFS file system
BagMRU\1\1,2,11,2,Desktop\My Computer\C:\Program Files,Directory,Program Files,5,2021-05-25 06:49:58,2021-05-25 10:47:40,2021-05-25 13:04:52,2021-10-03 15:55:49,405868,10,1,,,True,NTFS file system
BagMRU\1\1,3,12,0,Desktop\My Computer\C:\Users,Directory,Users,2,2021-05-25 06:45:30,2021-05-25 10:45:48,2021-05-25 13:04:50,2021-10-03 15:55:49,84737,1551,1,,2021-10-03 15:55:49,True,NTFS file system
BagMRU\1\1,4,0,3,Desktop\My Computer\C:\ProgramData,Directory,ProgramData,1,2021-05-25 06:50:00,2021-05-25 13:12:52,2021-05-25 13:12:52,2021-10-03 15:55:49,407278,38,1,,,False,NTFS file system
BagMRU\1\1,5,66,1,Desktop\My Computer\C:\Windows,Directory,Windows,4,2021-05-25 06:45:30,2021-05-28 06:07:22,2021-05-29 14:23:30,2021-10-03 15:55:49,84735,44,1,,,True,NTFS file system
BagMRU\1\1\2,0,0,4,Desktop\My Computer\C:\Program Files\Microsoft SQL Server,Directory,Microsoft SQL Server,1,,,,2021-09-28 16:49:34,0,,1,,,False,
BagMRU\1\1\2,1,91,3,Desktop\My Computer\C:\Program Files\Android,Directory,Android,1,2021-05-25 13:45:58,2021-05-25 13:45:58,2021-06-14 10:08:02,2021-09-28 16:49:34,47771,62,1,,,True,NTFS file system
BagMRU\1\1\2,2,109,2,Desktop\My Computer\C:\Program Files\OpenSSL-Win64,Directory,OpenSSL-Win64,1,2021-06-14 10:58:04,2021-06-14 10:58:16,2021-06-14 10:58:16,2021-09-28 16:49:34,105767,22,1,,,True,NTFS file system
BagMRU\1\1\2,3,226,1,Desktop\My Computer\C:\Program Files\Agnitum,Directory,Agnitum,2,2021-09-12 08:51:18,2021-09-15 17:26:42,2021-09-15 18:21:58,2021-09-28 16:49:34,16094,105,1,,,True,NTFS file system
BagMRU\1\1\2,4,312,0,Desktop\My Computer\C:\Program Files\Common Files,Directory,Common Files,1,2021-05-25 06:49:58,2021-09-19 07:07:42,2021-09-28 16:35:06,2021-09-28 16:49:34,405872,10,1,,2021-09-28 16:49:34,True,NTFS file system
BagMRU\1\1\2\0,0,0,0,Desktop\My Computer\C:\Program Files\Microsoft SQL Server\150,Directory,150,1,,,,2021-05-25 13:53:34,0,,1,,2021-05-25 13:53:34,False,
BagMRU\1\1\2\0\0,0,0,0,Desktop\My Computer\C:\Program Files\Microsoft SQL Server\150\SSEI,Directory,SSEI,1,,,,2021-05-25 13:53:34,0,,1,,2021-05-25 13:53:34,False,
BagMRU\1\1\2\0\0\0,0,20,0,Desktop\My Computer\C:\Program Files\Microsoft SQL Server\150\SSEI\Resources,Directory,Resources,0,2021-05-25 13:52:42,2021-05-25 13:52:42,2021-05-25 13:52:42,2021-05-25 13:53:34,0,,1,2021-05-25 13:53:34,2021-05-25 13:53:34,True,
BagMRU\1\1\2\1,0,92,0,Desktop\My Computer\C:\Program Files\Android\jdk,Directory,jdk,1,2021-05-25 13:45:58,2021-05-25 13:45:58,2021-06-14 10:08:02,2021-06-14 10:21:01,47875,38,1,,2021-06-14 10:21:01,True,NTFS file system
BagMRU\1\1\2\1\0,0,93,0,Desktop\My Computer\C:\Program Files\Android\jdk\microsoft_dist_openjdk_1.8.0.25,Directory,microsoft_dist_openjdk_1.8.0.25,1,2021-05-25 13:45:58,2021-05-25 13:46:02,2021-06-14 10:08:02,2021-06-14 10:21:03,48398,45,1,,2021-06-14 10:21:03,True,NTFS file system
BagMRU\1\1\2\1\0\0,0,0,0,Desktop\My Computer\C:\Program Files\Android\jdk\microsoft_dist_openjdk_1.8.0.25\jre,Directory,jre,1,2021-05-25 13:45:58,2021-05-25 13:46:00,2021-06-14 10:08:02,2021-06-14 10:22:16,53609,39,1,,2021-06-14 10:22:16,False,NTFS file system
BagMRU\1\1\2\1\0\0\0,0,103,0,Desktop\My Computer\C:\Program Files\Android\jdk\microsoft_dist_openjdk_1.8.0.25\jre\bin,Directory,bin,0,2021-05-25 13:45:58,2021-05-25 13:45:58,2021-06-14 10:08:02,2021-06-14 10:22:16,53660,107,1,2021-06-14 10:22:16,2021-06-14 10:22:16,True,NTFS file system
BagMRU\1\1\2\2,0,110,0,Desktop\My Computer\C:\Program Files\OpenSSL-Win64\bin,Directory,bin,0,2021-06-14 10:58:04,2021-06-14 10:58:04,2021-06-14 10:58:16,2021-06-14 10:58:56,110541,18,1,2021-06-14 10:58:56,2021-06-14 10:58:56,True,NTFS file system
BagMRU\1\1\2\3,0,227,1,Desktop\My Computer\C:\Program Files\Agnitum\Outpost Security Suite Pro,Directory,Outpost Security Suite Pro,0,2021-09-15 17:26:42,2021-09-15 19:40:50,2021-09-15 19:40:50,2021-09-15 18:52:09,140397,18,1,2021-09-15 18:43:52,,True,NTFS file system
BagMRU\1\1\2\3,1,228,0,Desktop\My Computer\C:\Program Files\Agnitum\Outpost Firewall Pro,Directory,Outpost Firewall Pro,0,2021-09-12 08:51:18,2021-09-12 10:17:04,2021-09-15 18:04:12,2021-09-15 18:52:09,16116,90,1,2021-09-15 18:44:14,2021-09-15 18:52:09,True,NTFS file system
BagMRU\1\1\2\4,0,310,0,Desktop\My Computer\C:\Program Files\Common Files\AV,Directory,AV,2,2021-05-25 11:10:16,2021-09-19 07:07:42,2021-09-28 16:35:06,2021-09-28 16:50:02,18201,81,1,,2021-09-28 16:50:02,True,NTFS file system
BagMRU\1\1\2\4\0,0,309,1,Desktop\My Computer\C:\Program Files\Common Files\AV\Kaspersky Security Cloud,Directory,Kaspersky Security Cloud,0,2021-05-25 11:10:16,2021-09-12 10:17:08,2021-09-28 16:47:56,2021-09-28 16:49:59,157950,16,1,2021-09-28 16:49:34,,True,NTFS file system
BagMRU\1\1\2\4\0,1,311,0,Desktop\My Computer\C:\Program Files\Common Files\AV\Kaspersky Lab,Directory,Kaspersky Lab,0,2021-05-25 11:10:16,2021-05-25 11:10:16,2021-09-27 16:37:40,2021-09-28 16:49:59,18319,173,1,2021-09-28 16:49:40,2021-09-28 16:49:59,True,NTFS file system
BagMRU\1\1\3,0,131,0,Desktop\My Computer\C:\Users\Klim,Directory,Klim,3,2021-05-25 08:43:38,2021-05-25 13:56:26,2021-05-25 16:59:54,2021-10-03 15:55:49,4454,52,1,,2021-10-03 15:55:49,True,NTFS file system
BagMRU\1\1\3,1,317,1,Desktop\My Computer\C:\Users\Default,Directory,Default,1,2021-05-25 06:45:30,2021-05-26 09:01:16,2021-09-28 18:30:26,2021-10-03 15:55:49,84808,15,1,,,True,NTFS file system
BagMRU\1\1\3\0,0,28,2,Desktop\My Computer\C:\Users\Klim\Downloads,Directory,Downloads,0,2021-05-25 08:43:38,2021-05-25 17:47:34,2021-05-25 17:47:34,2021-09-14 17:25:05,4464,147,1,2021-05-25 17:47:39,,True,NTFS file system
BagMRU\1\1\3\0,1,170,0,Desktop\My Computer\C:\Users\Klim\AppData,Directory,AppData,2,,,,2021-09-14 17:25:05,0,,1,,2021-09-14 17:25:05,True,
BagMRU\1\1\3\0,2,132,1,Desktop\My Computer\C:\Users\Klim\Videos,Directory,Videos,1,2021-05-25 08:43:38,2021-07-07 16:46:26,2021-07-07 16:46:26,2021-09-14 17:25:05,4458,27,1,,,True,NTFS file system
BagMRU\1\1\3\0\1,0,285,1,Desktop\My Computer\C:\Users\Klim\AppData\Local,Directory,Local,3,,,,2021-09-28 16:56:12,0,,1,,,True,
BagMRU\1\1\3\0\1,1,221,0,Desktop\My Computer\C:\Users\Klim\AppData\Roaming,Directory,Roaming,2,,,,2021-09-28 16:56:12,0,,1,,2021-09-28 16:56:12,True,
BagMRU\1\1\3\0\1\0,0,121,2,Desktop\My Computer\C:\Users\Klim\AppData\Local\Temp,Directory,Temp,0,2021-05-25 08:43:38,2021-06-28 14:38:20,2021-06-28 14:38:20,2021-09-28 16:56:02,4488,353,2,2021-06-28 14:45:17,,True,NTFS file system
BagMRU\1\1\3\0\1\0,1,286,1,Desktop\My Computer\C:\Users\Klim\AppData\Local\Temp,Directory,Temp,0,2021-05-25 08:43:38,2021-09-26 16:47:38,2021-09-26 16:47:38,2021-09-28 16:56:02,4488,353,1,2021-09-26 16:48:31,,True,NTFS file system
BagMRU\1\1\3\0\1\0,2,315,0,Desktop\My Computer\C:\Users\Klim\AppData\Local\Kaspersky Lab,Directory,Kaspersky Lab,0,2021-05-25 13:05:52,2021-05-25 13:05:52,2021-09-28 16:52:12,2021-09-28 16:56:02,22371,70,1,2021-09-28 16:56:02,2021-09-28 16:56:02,True,NTFS file system
BagMRU\1\1\3\0\1\1,0,222,0,Desktop\My Computer\C:\Users\Klim\AppData\Roaming\Microsoft,Directory,Microsoft,1,,,,2021-10-03 15:55:49,0,,1,,2021-10-03 15:55:49,True,
BagMRU\1\1\3\0\1\1,1,316,1,Desktop\My Computer\C:\Users\Klim\AppData\Roaming\KasperskyUpgradeLogs,Directory,KasperskyUpgradeLogs,0,2021-09-24 16:34:24,2021-09-28 16:47:56,2021-09-28 16:49:48,2021-10-03 15:55:49,21692,187,1,2021-09-28 16:56:19,,True,NTFS file system
BagMRU\1\1\3\0\1\1\0,0,223,0,Desktop\My Computer\C:\Users\Klim\AppData\Roaming\Microsoft\Windows,Directory,Windows,2,,,,2021-09-14 17:25:09,0,,1,,2021-09-14 17:25:09,True,
BagMRU\1\1\3\0\1\1\0\0,0,0,1,Desktop\My Computer\C:\Users\Klim\AppData\Roaming\Microsoft\Windows\Start Menu,Directory,Start Menu,1,,,,2021-10-03 16:42:36,0,,1,,,False,
BagMRU\1\1\3\0\1\1\0\0,1,0,0,Desktop\My Computer\C:\Users\Klim\AppData\Roaming\Microsoft\Windows\Recent,Directory,Recent,0,2021-05-25 08:43:38,2021-09-14 17:26:52,2021-09-14 17:26:54,,4481,113,2,,,False,NTFS file system
BagMRU\1\1\3\0\1\1\0\0\0,0,0,0,Desktop\My Computer\C:\Users\Klim\AppData\Roaming\Microsoft\Windows\Start Menu\Programs,Directory,Programs,3,,,,2021-08-16 14:36:08,0,,1,,2021-08-16 14:36:08,False,
BagMRU\1\1\3\0\1\1\0\0\0\0,0,169,2,"Desktop\My Computer\C:\Users\Klim\AppData\Roaming\Microsoft\Windows\Start Menu\Programs\GitHub, Inc",Directory,"GitHub, Inc",0,2021-05-25 13:05:54,2021-08-15 19:30:48,2021-08-16 14:05:18,2021-10-03 15:55:49,22381,191,1,2021-08-16 14:36:08,,True,NTFS file system
BagMRU\1\1\3\0\1\1\0\0\0\0,1,189,1,Desktop\My Computer\C:\Users\Klim\AppData\Roaming\Microsoft\Windows\Start Menu\Programs\Discord Inc,Directory,Discord Inc,0,2021-05-25 13:30:42,2021-05-25 13:30:42,2021-09-04 15:36:18,2021-10-03 15:55:49,39626,6,1,2021-09-04 15:37:51,,True,NTFS file system
BagMRU\1\1\3\0\1\1\0\0\0\0,2,0,0,Desktop\My Computer\C:\Users\Klim\AppData\Roaming\Microsoft\Windows\Start Menu\Programs\Qt,Directory,Qt,1,2021-08-16 14:27:54,2021-08-16 14:28:42,2021-10-03 15:13:44,2021-10-03 15:55:49,20638,173,1,,2021-10-03 15:55:49,False,NTFS file system
BagMRU\1\1\3\0\1\1\0\0\0\0\2,0,0,0,Desktop\My Computer\C:\Users\Klim\AppData\Roaming\Microsoft\Windows\Start Menu\Programs\Qt\6.1.2,Directory,6.1.2,1,2021-08-16 14:28:42,2021-08-16 14:28:42,2021-10-03 15:13:44,2021-10-03 15:55:49,21177,251,1,,2021-10-03 15:55:49,False,NTFS file system
BagMRU\1\1\3\0\1\1\0\0\0\0\2\0,0,363,0,Desktop\My Computer\C:\Users\Klim\AppData\Roaming\Microsoft\Windows\Start Menu\Programs\Qt\6.1.2\MinGW 8.1.0 (64-bit),Directory,MinGW 8.1.0 (64-bit),0,2021-08-16 14:28:42,2021-08-16 14:28:42,2021-10-03 15:13:44,2021-10-03 15:55:49,21178,195,1,2021-10-03 15:55:49,2021-10-03 15:55:49,True,NTFS file system
BagMRU\1\1\3\0\1\1\0\0\1,0,225,0,Desktop\My Computer\C:\Users\Klim\AppData\Roaming\Microsoft\Windows\Recent\AutomaticDestinations,Directory,AutomaticDestinations,0,2021-05-25 08:45:06,2021-09-14 17:07:54,2021-09-14 17:07:54,2021-09-14 17:28:52,5658,33,1,2021-09-14 17:28:52,2021-09-14 17:28:52,False,NTFS file system
BagMRU\1\1\3\0\2,0,133,0,Desktop\My Computer\C:\Users\Klim\Videos\Captures,Directory,Captures,0,2021-05-26 08:53:20,2021-05-26 08:53:20,2021-07-07 17:03:52,2021-07-07 17:07:31,22503,48,1,2021-07-07 17:07:31,2021-07-07 17:07:31,True,NTFS file system
BagMRU\1\1\3\1,0,318,0,Desktop\My Computer\C:\Users\Default\AppData,Directory,AppData,2,2021-05-25 06:50:00,2021-05-25 06:50:00,2021-09-28 17:23:48,2021-09-28 18:50:04,407855,9,1,,2021-09-28 18:50:04,True,NTFS file system
BagMRU\1\1\3\1\0,0,319,1,Desktop\My Computer\C:\Users\Default\AppData\Local,Directory,Local,0,2021-05-25 06:50:00,2021-05-25 11:10:36,2021-09-28 17:23:44,2021-09-28 18:50:12,407856,9,1,2021-09-28 18:50:05,,True,NTFS file system
BagMRU\1\1\3\1\0,1,320,0,Desktop\My Computer\C:\Users\Default\AppData\Roaming,Directory,Roaming,1,2021-05-25 06:50:00,2021-05-25 06:50:00,2021-09-28 17:23:48,2021-09-28 18:50:12,407876,9,1,,2021-09-28 18:50:12,True,NTFS file system
BagMRU\1\1\3\1\0\1,0,321,0,Desktop\My Computer\C:\Users\Default\AppData\Roaming\Microsoft,Directory,Microsoft,2,2021-05-25 06:50:00,2021-05-25 06:50:00,2021-09-28 17:23:48,2021-09-28 18:50:12,407877,11,1,,2021-09-28 18:50:12,True,NTFS file system
BagMRU\1\1\3\1\0\1\0,0,322,1,Desktop\My Computer\C:\Users\Default\AppData\Roaming\Microsoft\Windows,Directory,Windows,0,2021-05-25 06:50:00,2021-05-25 06:50:00,2021-09-28 17:23:46,2021-09-28 18:50:16,407880,9,1,2021-09-28 18:50:13,,True,NTFS file system
BagMRU\1\1\3\1\0\1\0,1,323,0,Desktop\My Computer\C:\Users\Default\AppData\Roaming\Microsoft\Internet Explorer,Directory,Internet Explorer,0,2021-05-25 06:50:00,2021-05-25 06:50:00,2021-09-28 17:23:48,2021-09-28 18:50:16,407878,9,1,2021-09-28 18:50:16,2021-09-28 18:50:16,True,NTFS file system
BagMRU\1\1\4,0,0,0,Desktop\My Computer\C:\ProgramData\Microsoft,Directory,Microsoft,2,2021-05-25 06:50:00,2021-05-25 13:12:52,2021-05-25 13:12:52,2021-05-25 13:22:31,407279,18,1,,2021-05-25 13:22:31,False,NTFS file system
BagMRU\1\1\4\0,0,0,1,Desktop\My Computer\C:\ProgramData\Microsoft\VisualStudio,Directory,VisualStudio,1,2021-05-25 13:12:52,2021-05-25 13:12:52,2021-05-25 13:12:52,2021-06-26 07:09:10,22760,169,1,,,False,NTFS file system
BagMRU\1\1\4\0,1,0,0,Desktop\My Computer\C:\ProgramData\Microsoft\Windows,Directory,Windows,1,,,,2021-06-26 07:09:10,0,,1,,2021-06-26 07:09:10,False,
BagMRU\1\1\4\0\0,0,15,0,Desktop\My Computer\C:\ProgramData\Microsoft\VisualStudio\Packages,Directory,Packages,0,2021-05-25 13:12:52,2021-05-25 13:12:52,2021-05-25 13:12:52,2021-05-25 13:22:31,22761,124,1,2021-05-25 13:22:31,2021-05-25 13:22:31,False,NTFS file system
BagMRU\1\1\4\0\1,0,0,0,Desktop\My Computer\C:\ProgramData\Microsoft\Windows\Start Menu,Directory,Start Menu,1,,,,2021-06-26 07:09:10,0,,1,,2021-06-26 07:09:10,False,
BagMRU\1\1\4\0\1\0,0,119,0,Desktop\My Computer\C:\ProgramData\Microsoft\Windows\Start Menu\Programs,Directory,Programs,0,,,,2021-06-26 07:09:10,0,,1,2021-06-26 07:09:10,2021-06-26 07:09:10,True,
BagMRU\1\1\5,0,67,0,Desktop\My Computer\C:\Windows\System32,Directory,System32,2,2021-05-25 06:45:30,2021-05-29 12:29:10,2021-05-29 14:37:22,2021-10-01 16:03:02,101386,13,1,,2021-10-01 16:03:02,True,NTFS file system
BagMRU\1\1\5,1,0,2,Desktop\My Computer\C:\Windows\appcompat,Directory,appcompat,1,,,,2021-10-01 16:03:02,0,,1,,,False,
BagMRU\1\1\5,2,191,3,Desktop\My Computer\C:\Windows\INF,Directory,INF,0,2021-05-25 06:48:58,2021-09-12 09:24:46,2021-09-12 09:24:46,2021-10-01 16:03:02,0,,1,2021-09-12 09:37:25,,True,
BagMRU\1\1\5,3,344,1,Desktop\My Computer\C:\Windows\prefetch,Directory,prefetch,0,2021-05-25 06:50:00,2021-09-29 18:06:02,2021-09-29 18:09:42,2021-10-01 16:03:02,408776,9,1,2021-09-29 18:33:20,,True,NTFS file system
BagMRU\1\1\5\0,0,349,1,Desktop\My Computer\C:\Windows\System32\config,Directory,config,0,2021-05-25 06:45:30,2021-09-28 17:23:26,2021-10-01 14:45:16,2021-10-02 08:02:45,101516,14,1,2021-10-01 16:03:04,,True,NTFS file system
BagMRU\1\1\5\0,1,355,0,Desktop\My Computer\C:\Windows\System32\sru,Directory,sru,0,2021-05-25 06:50:00,2021-10-02 07:50:02,2021-10-02 07:50:08,2021-10-02 08:02:45,409298,9,1,2021-10-02 08:02:45,2021-10-02 08:02:45,True,NTFS file system
BagMRU\1\1\5\1,0,190,0,Desktop\My Computer\C:\Windows\appcompat\Programs,Directory,Programs,0,2021-05-25 06:50:00,2021-09-12 10:17:14,2021-09-12 09:21:04,2021-09-12 09:34:49,0,,1,2021-09-12 09:34:49,2021-09-12 09:34:49,True,
BagMRU\1\2,0,29,0,Desktop\My Computer\Downloads\База данных имен и фамилий в формате CSV.zip,File,База данных имен и фамилий в формате CSV.zip,0,2021-05-25 17:37:44,2021-05-25 17:37:44,2021-05-25 17:37:44,2021-05-25 17:49:18,108261,7,1,2021-05-25 17:49:18,2021-05-25 17:49:18,False,NTFS file system
BagMRU\1\4,0,55,3,Desktop\My Computer\E:\FileHistory,Directory,FileHistory,1,2021-05-24 17:41:38,2021-05-24 17:41:38,2021-05-27 17:28:54,2021-09-21 15:41:55,44,1,1,,,True,NTFS file system
BagMRU\1\4,1,60,2,Desktop\My Computer\E:\WindowsImageBackup,Directory,WindowsImageBackup,1,2021-05-24 17:49:08,2021-05-24 17:49:08,2021-05-27 17:28:54,2021-09-21 15:41:55,51,1,1,,,True,NTFS file system
BagMRU\1\4,2,0,0,Desktop\My Computer\E:\5 курс,Directory,5 курс,0,2021-09-04 06:23:06,2021-09-04 06:23:06,2021-09-04 06:23:04,,5408960,,1,,,False,exFAT file system
BagMRU\1\4,3,246,1,Desktop\My Computer\E:\11ДЛЯ WORLDSKILLS,Directory,11ДЛЯ WORLDSKILLS,3,2021-05-15 09:14:26,2021-05-17 12:31:08,2021-05-28 10:47:30,2021-09-21 15:41:55,78310,1,1,,,True,NTFS file system
BagMRU\1\4\0,0,56,0,Desktop\My Computer\E:\FileHistory\Klim,Directory,Klim,1,2021-05-24 17:41:38,2021-05-24 17:41:38,2021-05-27 17:28:54,2021-05-27 17:28:56,45,1,1,,2021-05-27 17:28:56,True,NTFS file system
BagMRU\1\4\0\0,0,57,0,Desktop\My Computer\E:\FileHistory\Klim\DESKTOP-36IDCPB,Directory,DESKTOP-36IDCPB,2,2021-05-24 17:41:38,2021-05-24 17:41:38,2021-05-24 17:41:38,2021-05-27 17:28:57,46,1,1,,2021-05-27 17:28:57,True,NTFS file system
BagMRU\1\4\0\0\0,0,58,1,Desktop\My Computer\E:\FileHistory\Klim\DESKTOP-36IDCPB\Data,Directory,Data,0,2021-05-24 17:41:38,2021-05-24 17:41:38,2021-05-24 17:41:38,2021-05-27 17:29:01,48,1,1,2021-05-27 17:28:58,,True,NTFS file system
BagMRU\1\4\0\0\0,1,59,0,Desktop\My Computer\E:\FileHistory\Klim\DESKTOP-36IDCPB\Configuration,Directory,Configuration,0,2021-05-24 17:41:38,2021-05-24 17:41:40,2021-05-24 17:42:40,2021-05-27 17:29:01,47,1,1,2021-05-27 17:29:01,2021-05-27 17:29:01,True,NTFS file system
BagMRU\1\4\1,0,61,0,Desktop\My Computer\E:\WindowsImageBackup\DESKTOP-36IDCPB,Directory,DESKTOP-36IDCPB,2,2021-05-24 17:49:08,2021-05-24 20:05:08,2021-05-27 17:28:54,2021-05-27 17:29:10,52,1,1,,2021-05-27 17:29:10,True,NTFS file system
BagMRU\1\4\1\0,0,62,1,Desktop\My Computer\E:\WindowsImageBackup\DESKTOP-36IDCPB\Catalog,Directory,Catalog,0,2021-05-24 17:49:08,2021-05-24 20:05:02,2021-05-24 20:05:02,2021-05-27 17:29:19,54,1,1,2021-05-27 17:29:14,,True,NTFS file system
BagMRU\1\4\1\0,1,63,0,Desktop\My Computer\E:\WindowsImageBackup\DESKTOP-36IDCPB\Backup 2021-05-24 174837,Directory,Backup 2021-05-24 174837,0,2021-05-24 17:49:08,2021-05-24 20:05:02,2021-05-24 20:05:02,2021-05-27 17:29:19,57,1,1,2021-05-27 17:29:19,2021-05-27 17:29:19,True,NTFS file system
BagMRU\1\4\2,0,0,0,Desktop\My Computer\E:\5 курс\С09-361-1,Directory,С09-361-1,0,2021-09-04 06:23:12,2021-09-04 05:17:34,2021-09-04 06:23:10,,2406547456,,1,,,False,exFAT file system
BagMRU\1\4\3,0,248,1,Desktop\My Computer\E:\11ДЛЯ WORLDSKILLS\F7_WS_VM,Directory,F7_WS_VM,1,2021-05-17 12:31:08,2021-05-17 12:55:32,2021-09-20 18:18:36,2021-09-20 18:22:36,78498,1,1,,,True,NTFS file system
BagMRU\1\4\3,1,249,2,Desktop\My Computer\E:\11ДЛЯ WORLDSKILLS\C гугл драйв,Directory,C гугл драйв,0,2021-05-15 09:14:58,2021-05-15 09:15:08,2021-09-20 18:18:56,2021-09-20 18:22:36,78311,1,1,2021-09-20 18:19:12,,True,NTFS file system
BagMRU\1\4\3,2,250,0,Desktop\My Computer\E:\11ДЛЯ WORLDSKILLS\TM,Directory,TM,1,2021-05-15 09:24:02,2021-05-15 09:26:54,2021-09-20 18:18:56,2021-09-20 18:22:36,78316,1,1,,2021-09-20 18:22:36,True,NTFS file system
BagMRU\1\4\3\0,0,251,0,Desktop\My Computer\E:\11ДЛЯ WORLDSKILLS\F7_WS_VM\InfoWatch,Directory,InfoWatch,1,2021-05-17 12:31:08,2021-05-18 09:49:30,2021-09-20 18:18:36,2021-09-20 18:19:32,78499,1,1,,2021-09-20 18:19:32,True,NTFS file system
BagMRU\1\4\3\0\0,0,252,0,Desktop\My Computer\E:\11ДЛЯ WORLDSKILLS\F7_WS_VM\InfoWatch\iwdm,Directory,iwdm,0,2021-05-17 12:37:44,2021-05-17 12:40:26,2021-09-20 18:18:36,2021-09-20 18:19:34,78893,1,1,2021-09-20 18:19:34,2021-09-20 18:19:34,True,NTFS file system
BagMRU\1\4\3\2,0,253,0,Desktop\My Computer\E:\11ДЛЯ WORLDSKILLS\TM\Дистрибутивы,Directory,Дистрибутивы,1,2021-05-15 09:26:46,2021-05-15 09:29:02,2021-09-20 18:18:56,2021-09-20 18:22:36,78321,1,1,,2021-09-20 18:22:36,True,NTFS file system
BagMRU\1\4\3\2\0,0,254,0,Desktop\My Computer\E:\11ДЛЯ WORLDSKILLS\TM\Дистрибутивы\InfoWatch Traffic Monitor 6.10.26,Directory,InfoWatch Traffic Monitor 6.10.26,1,2021-05-15 09:29:02,2021-05-15 11:08:26,2021-09-20 18:18:56,2021-09-20 18:22:39,78325,1,1,,2021-09-20 18:22:39,True,NTFS file system
BagMRU\1\4\3\2\0\0,0,255,0,Desktop\My Computer\E:\11ДЛЯ WORLDSKILLS\TM\Дистрибутивы\InfoWatch Traffic Monitor 6.10.26\6.10.26,Directory,6.10.26,1,2021-05-15 11:08:26,2021-04-23 03:04:00,2021-09-20 18:18:56,2021-09-20 18:22:39,78361,1,1,,2021-09-20 18:22:39,True,NTFS file system
BagMRU\1\4\3\2\0\0\0,0,256,0,Desktop\My Computer\E:\11ДЛЯ WORLDSKILLS\TM\Дистрибутивы\InfoWatch Traffic Monitor 6.10.26\6.10.26\RHEL,Directory,RHEL,0,2021-05-15 11:08:50,2021-04-23 03:40:28,2021-09-20 18:18:56,2021-09-20 18:22:41,78364,1,1,2021-09-20 18:22:41,2021-09-20 18:22:41,True,NTFS file system
BagMRU\1\5,0,194,0,Desktop\My Computer\Desktop\Forensic,Directory,Forensic,1,2021-09-12 09:43:40,2021-09-12 09:45:10,2021-09-12 09:45:10,2021-09-12 09:45:17,14947,304,1,,2021-09-12 09:45:17,True,NTFS file system
BagMRU\1\5\0,0,195,0,Desktop\My Computer\Desktop\Forensic\Recent,Directory,Recent,2,2021-09-12 09:45:10,2021-09-12 09:45:10,2021-09-12 09:45:10,2021-09-12 10:19:28,11441,277,1,,2021-09-12 10:19:28,True,NTFS file system
BagMRU\1\5\0\0,0,196,1,Desktop\My Computer\Desktop\Forensic\Recent\AutomaticDestinations,Directory,AutomaticDestinations,0,2021-09-12 10:21:24,2021-09-12 10:21:24,2021-09-12 10:21:24,2021-09-14 17:17:36,21047,104,1,2021-09-12 10:22:52,,True,NTFS file system
BagMRU\1\5\0\0,1,197,0,Desktop\My Computer\Desktop\Forensic\Recent\CustomDestinations,Directory,CustomDestinations,0,2021-09-12 10:21:24,2021-09-12 10:21:24,2021-09-12 10:21:24,2021-09-14 17:17:36,21227,29,1,2021-09-12 10:23:03,2021-09-14 17:17:36,True,NTFS file system
BagMRU\15,0,313,0,Desktop\Search Folder\Kaspersky Lab,Variable: Users property view,Kaspersky Lab,1,,,,2021-09-28 16:55:19,,,0,,2021-09-28 16:55:19,False,
BagMRU\15\0,0,314,0,Desktop\Search Folder\Kaspersky Lab\Kaspersky Password Manager,Directory,Kaspersky Password Manager,0,2021-05-25 13:05:52,2021-09-15 18:10:40,2021-09-15 18:10:38,2021-09-28 16:55:27,22372,108,1,2021-09-28 16:55:27,2021-09-28 16:55:27,False,NTFS file system
BagMRU\2,0,0,0,Desktop\Shared Documents Folder (Users Files)\AppData,Users Files Folder,AppData,1,2021-05-25 08:43:38,2021-05-25 08:43:38,2021-05-25 13:04:50,2021-09-28 16:56:04,4467,111,1,,2021-09-28 16:56:04,False,NTFS file system
BagMRU\2,1,0,1,Desktop\Shared Documents Folder (Users Files)\source,Users Files Folder,source,1,2021-05-25 13:52:18,2021-05-25 13:52:18,2021-05-25 13:52:18,2021-09-28 16:56:04,93362,84,1,,,False,NTFS file system
BagMRU\2\0,0,188,0,Desktop\Shared Documents Folder (Users Files)\AppData\Local,Directory,Local,4,2021-05-25 08:43:38,2021-05-25 13:05:52,2021-05-25 13:05:52,2021-05-25 13:07:40,4487,221,1,,2021-05-25 13:07:40,True,NTFS file system
BagMRU\2\0\0,0,0,3,Desktop\Shared Documents Folder (Users Files)\AppData\Local\GitHubDesktop,Directory,GitHubDesktop,1,2021-05-25 13:05:48,2021-05-25 13:05:56,2021-05-25 13:05:56,2021-09-14 17:19:09,20256,4,1,,,False,NTFS file system
BagMRU\2\0\0,1,0,2,Desktop\Shared Documents Folder (Users Files)\AppData\Local\Microsoft,Directory,Microsoft,1,,,,2021-09-14 17:19:09,0,,1,,,False,
BagMRU\2\0\0,2,187,1,Desktop\Shared Documents Folder (Users Files)\AppData\Local\Discord,Directory,Discord,1,2021-05-25 13:30:36,2021-09-03 15:10:28,2021-09-04 15:37:22,2021-09-14 17:19:09,39527,6,1,,,True,NTFS file system
BagMRU\2\0\0,3,215,0,Desktop\Shared Documents Folder (Users Files)\AppData\Local\Temp,Directory,Temp,1,2021-05-25 08:43:38,2021-09-12 14:47:22,2021-09-12 14:47:22,2021-09-14 17:19:09,4488,353,1,,2021-09-14 17:19:09,True,NTFS file system
BagMRU\2\0\0\0,0,4,0,Desktop\Shared Documents Folder (Users Files)\AppData\Local\GitHubDesktop\app-2.8.1,Directory,app-2.8.1,0,2021-05-25 13:05:48,2021-05-25 13:05:52,2021-05-25 13:05:52,2021-05-25 13:07:40,20262,4,1,2021-05-25 13:07:40,2021-05-25 13:07:40,False,NTFS file system
BagMRU\2\0\0\1,0,0,0,Desktop\Shared Documents Folder (Users Files)\AppData\Local\Microsoft\GFWLive,Directory,GFWLive,1,,,,2021-06-12 20:04:52,0,,1,,2021-06-12 20:04:52,False,
BagMRU\2\0\0\1\0,0,0,0,Desktop\Shared Documents Folder (Users Files)\AppData\Local\Microsoft\GFWLive\Install,Directory,Install,1,,,,2021-06-12 20:04:52,0,,1,,2021-06-12 20:04:52,False,
BagMRU\2\0\0\1\0\0,0,77,0,Desktop\Shared Documents Folder (Users Files)\AppData\Local\Microsoft\GFWLive\Install\Logs,Directory,Logs,0,2021-06-12 20:03:58,2021-06-12 20:04:44,2021-06-12 20:04:44,2021-06-12 20:04:52,0,,1,2021-06-12 20:04:52,2021-06-12 20:04:52,True,
BagMRU\2\0\0\2,0,198,0,Desktop\Shared Documents Folder (Users Files)\AppData\Local\Discord\app-1.0.9002,Directory,app-1.0.9002,0,2021-05-25 17:06:12,2021-05-25 17:06:14,2021-09-12 13:51:12,2021-09-12 14:39:37,22535,140,1,2021-09-12 14:39:37,2021-09-12 14:39:37,False,NTFS file system
BagMRU\2\0\0\3,0,214,0,Desktop\Shared Documents Folder (Users Files)\AppData\Local\Temp\Temp1_All.zip,Directory,Temp1_All.zip,3,2021-09-12 14:47:22,2021-09-12 14:47:22,2021-09-12 14:47:22,2021-09-14 17:19:11,23414,263,1,,2021-09-14 17:19:11,True,NTFS file system
BagMRU\2\0\0\3\0,0,213,2,Desktop\Shared Documents Folder (Users Files)\AppData\Local\Temp\Temp1_All.zip\LECmd.zip,File,LECmd.zip,0,2021-06-09 12:16:52,2021-09-12 14:47:22,2021-09-12 14:47:22,2021-09-14 17:24:12,23445,21,1,2021-09-14 17:19:09,,False,NTFS file system
BagMRU\2\0\0\3\0,1,216,1,Desktop\Shared Documents Folder (Users Files)\AppData\Local\Temp\Temp1_All.zip\JLECmd.zip,File,JLECmd.zip,0,2021-05-26 09:43:30,2021-09-14 17:19:22,2021-09-14 17:19:22,2021-09-14 17:24:12,6999,720,1,2021-09-14 17:24:08,,False,NTFS file system
BagMRU\2\0\0\3\0,2,217,0,Desktop\Shared Documents Folder (Users Files)\AppData\Local\Temp\Temp1_All.zip\JumpListExplorer.zip,File,JumpListExplorer.zip,1,2021-05-26 09:41:54,2021-09-14 17:24:12,2021-09-14 17:24:12,2021-09-14 17:24:12,17751,22,1,,2021-09-14 17:24:12,False,NTFS file system
BagMRU\2\0\0\3\0\2,0,218,0,Desktop\Shared Documents Folder (Users Files)\AppData\Local\Temp\Temp1_All.zip\JumpListExplorer.zip\JumpListExplorer,Zip file contents,JumpListExplorer,0,,,,2021-09-14 17:24:15,,,0,2021-09-14 17:24:15,2021-09-14 17:24:15,True,
BagMRU\2\1,0,19,0,Desktop\Shared Documents Folder (Users Files)\source\repos,Directory,repos,0,2021-05-25 13:52:18,2021-05-25 13:52:18,2021-05-25 13:52:18,2021-05-25 13:52:51,93363,10,1,2021-05-25 13:52:51,2021-05-25 13:52:51,False,NTFS file system
BagMRU\4,0,47,3,Desktop\Control Panel\Hardware and Sound,Control Panel Category,Hardware and Sound,1,,,,2021-09-24 16:35:09,,,0,,,True,
BagMRU\4,1,0,0,Desktop\Control Panel\Programs,Control Panel Category,Programs,1,,,,2021-09-24 16:35:09,,,0,,2021-09-24 16:35:09,False,
BagMRU\4,2,160,2,Desktop\Control Panel\System and Security,Control Panel Category,System and Security,1,,,,2021-09-24 16:35:09,,,0,,,True,
BagMRU\4,3,265,1,"Desktop\Control Panel\Clock, Language, and Region",Control Panel Category,"Clock, Language, and Region",0,,,,2021-09-24 16:35:09,,,0,2021-09-21 16:50:11,,True,
BagMRU\4\0,0,44,0,Desktop\Control Panel\Hardware and Sound\Power Options,GUID: Control panel,Power Options,3,,,,2021-05-26 15:27:50,,,0,,2021-05-26 15:27:50,True,
BagMRU\4\0\0,0,45,2,Desktop\Control Panel\Hardware and Sound\Power Options\Create a Power Plan,Variable: Users property view,Create a Power Plan,0,,,,2021-05-26 15:30:35,,,0,2021-05-26 15:27:30,,False,
BagMRU\4\0\0,1,46,1,Desktop\Control Panel\Hardware and Sound\Power Options\Edit Plan Settings,Variable: Users property view,Edit Plan Settings,0,,,,2021-05-26 15:30:35,,,0,2021-05-26 15:27:41,,False,
BagMRU\4\0\0,2,48,0,Desktop\Control Panel\Hardware and Sound\Power Options\System Settings,Variable: Users property view,System Settings,0,,,,2021-05-26 15:30:35,,,0,2021-05-26 15:30:35,2021-05-26 15:30:35,False,
BagMRU\4\1,0,70,0,Desktop\Control Panel\Programs\Programs and Features,GUID: Control panel,Programs and Features,0,,,,2021-06-09 14:50:28,,,0,2021-06-09 14:50:28,2021-06-09 14:50:28,True,
BagMRU\4\2,0,113,0,Desktop\Control Panel\System and Security\Windows Firewall,GUID: Control panel,Windows Firewall,0,,,,2021-08-16 14:06:59,,,0,2021-06-24 16:37:38,2021-08-16 14:06:59,True,
BagMRU\5,0,0,0,Desktop\E:\\5 курс,Directory,5 курс,0,2021-09-04 06:23:06,2021-09-04 06:23:06,2021-09-04 06:23:04,,5408960,,1,,,False,exFAT file system
BagMRU\5,1,243,3,Desktop\E:\\Univer,Directory,Univer,5,2021-05-24 16:36:18,2021-05-24 16:06:22,2021-05-24 16:36:16,2021-10-03 11:44:45,5408736,,1,,,True,exFAT file system
BagMRU\5,2,0,1,Desktop\E:\\3 курс,Directory,3 курс,0,2021-03-03 13:48:44,2021-03-03 13:32:22,2021-03-03 13:48:42,,5407232,,1,,,False,exFAT file system
BagMRU\5,3,0,2,Desktop\E:\\4 курс,Directory,4 курс,0,2021-03-03 13:48:46,2021-03-03 13:27:42,2021-03-03 13:48:44,,5407328,,1,,,False,exFAT file system
BagMRU\5\0,0,0,0,Desktop\E:\\5 курс\С09-361-1,Directory,С09-361-1,0,2021-09-04 06:23:12,2021-09-04 05:17:34,2021-09-04 06:23:10,,2406547456,,1,,,False,exFAT file system
BagMRU\5\0\0,0,0,4,Desktop\E:\\5 курс\С09-361-1\КТР,Directory,КТР,0,2021-09-04 06:23:14,2021-09-04 05:18:20,2021-09-04 06:23:12,,2406581056,,1,,,False,exFAT file system
BagMRU\5\0\0,1,207,2,Desktop\E:\\5 курс\С09-361-1\Pics,Directory,Pics,0,2021-09-04 08:12:34,2021-09-04 08:12:34,2021-09-04 08:12:32,2021-10-03 11:44:50,2406584896,,1,2021-09-14 12:47:28,,True,exFAT file system
BagMRU\5\0\0,2,0,0,Desktop\E:\\5 курс\С09-361-1\Отчеты ЗД,Directory,Отчеты ЗД,0,2021-09-04 06:27:52,2021-09-04 05:23:06,2021-09-04 06:27:50,,2406581376,,1,,,False,exFAT file system
BagMRU\5\0\0,3,0,3,Desktop\E:\\5 курс\С09-361-1\Теория_лекции,Directory,Теория_лекции,0,2021-09-04 06:23:16,2021-03-10 04:55:10,2021-09-04 06:23:14,,2406581280,,1,,,False,exFAT file system
BagMRU\5\0\0,4,0,1,Desktop\E:\\5 курс\С09-361-1\ЛР_1_Построение_Use_Case,Directory,ЛР_1_Построение_Use_Case,0,2021-09-04 06:23:14,2021-09-04 05:18:12,2021-09-04 06:23:12,,2406581152,,1,,,False,exFAT file system
BagMRU\5\1,0,0,4,Desktop\E:\\Univer\2 курс,Directory,2 курс,0,2021-05-24 16:36:24,2021-03-04 14:34:04,2021-05-24 16:36:22,,10813696,,1,,,False,exFAT file system
BagMRU\5\1,1,300,3,Desktop\E:\\Univer\Pets,Directory,Pets,1,2021-05-24 17:36:22,2021-05-24 15:53:26,2021-05-24 17:36:20,2021-09-27 16:37:17,10814176,,1,,,True,exFAT file system
BagMRU\5\1,2,302,2,Desktop\E:\\Univer\RADIUS_Implementation-master,Directory,RADIUS_Implementation-master,0,2021-05-24 17:36:24,2020-12-23 19:43:10,2021-05-24 17:36:22,2021-09-27 16:37:17,10814272,,1,2021-09-27 16:37:12,,True,exFAT file system
BagMRU\5\1,3,303,1,Desktop\E:\\Univer\Soft,Directory,Soft,0,2021-05-24 17:36:42,2021-05-24 16:18:36,2021-05-24 17:36:40,2021-09-27 16:37:17,10814496,,1,2021-09-27 16:37:14,,True,exFAT file system
BagMRU\5\1,4,304,0,Desktop\E:\\Univer\USBPcap,Directory,USBPcap,0,2021-05-24 17:44:14,2021-03-27 19:22:08,2021-05-24 17:44:12,2021-09-27 16:37:17,10814592,,1,2021-09-27 16:37:17,2021-09-27 16:37:17,True,exFAT file system
BagMRU\5\1\0,0,299,0,Desktop\E:\\Univer\2 курс\New folder,Directory,New folder,0,2021-05-24 16:36:24,2021-04-27 15:07:14,2021-05-24 16:36:22,2021-09-27 16:36:19,252477440,,1,2021-09-27 16:36:19,2021-09-27 16:36:19,True,exFAT file system
BagMRU\5\1\1,0,301,0,Desktop\E:\\Univer\Pets\Chat,Directory,Chat,0,2021-05-24 17:36:22,2021-05-11 19:07:38,2021-05-24 17:36:20,2021-09-27 16:36:51,2278621184,,1,2021-09-27 16:36:51,2021-09-27 16:36:51,True,exFAT file system
BagMRU\5\2,0,288,0,Desktop\E:\\3 курс\StatementGenerator,Directory,StatementGenerator,0,2021-03-03 13:48:44,2021-03-03 13:28:38,2021-03-03 13:48:42,2021-09-27 16:35:50,2677112832,,1,2021-09-27 16:35:50,2021-09-27 16:35:50,True,exFAT file system
BagMRU\5\3,0,0,4,Desktop\E:\\4 курс\БОС,Directory,БОС,0,2021-03-03 14:10:06,2021-03-03 13:25:02,2021-03-03 14:10:04,,2678260384,,1,,,False,exFAT file system
BagMRU\5\3,1,0,3,Desktop\E:\\4 курс\БСБД,Directory,БСБД,0,2021-03-03 14:10:18,2021-03-03 13:25:02,2021-03-03 14:10:16,,2678260480,,1,,,False,exFAT file system
BagMRU\5\3,2,0,2,Desktop\E:\\4 курс\КМЗИ,Directory,КМЗИ,0,2021-03-03 14:12:22,2021-03-03 13:25:06,2021-03-03 14:12:20,,2678260768,,1,,,False,exFAT file system
BagMRU\5\3,3,0,1,Desktop\E:\\4 курс\МО,Directory,МО,0,2021-03-03 14:12:22,2021-03-03 13:27:42,2021-03-03 14:12:20,,2678260864,,1,,,False,exFAT file system
BagMRU\5\3,4,0,0,Desktop\E:\\4 курс\ПАСОИБ,Directory,ПАСОИБ,0,2021-03-03 14:12:24,2021-03-03 13:25:06,2021-03-03 14:12:22,,2678260960,,1,,,False,exFAT file system
BagMRU\5\3\1,0,0,2,Desktop\E:\\4 курс\БСБД\Курсовая,Directory,Курсовая,0,2021-03-03 14:10:24,2021-03-03 13:25:02,2021-03-03 14:10:22,,2314175840,,1,,,False,exFAT file system
BagMRU\5\3\1,1,0,1,Desktop\E:\\4 курс\БСБД\ЛабРаб,Directory,ЛабРаб,0,2021-03-03 14:10:26,2021-03-03 13:25:02,2021-03-03 14:10:24,,2314175936,,1,,,False,exFAT file system
BagMRU\5\3\1,2,0,0,Desktop\E:\\4 курс\БСБД\Практика,Directory,Практика,0,2021-03-03 14:10:28,2021-03-03 13:25:02,2021-03-03 14:10:26,,2314176032,,1,,,False,exFAT file system
BagMRU\6,0,52,1,Desktop\Search Folder\huawei,Variable: Users property view,huawei,0,,,,2021-05-27 17:27:32,,,0,2021-05-27 17:27:27,,False,
BagMRU\6,1,53,0,Desktop\Search Folder\HuaweiLabs,Variable: Users property view,HuaweiLabs,0,,,,2021-05-27 17:27:32,,,0,2021-05-27 17:27:32,2021-05-27 17:27:32,False,
